-- phpMyAdmin SQL Dump
-- version 4.7.4
-- https://www.phpmyadmin.net/
--
-- Servidor: 127.0.0.1:3306
-- Tiempo de generación: 19-03-2018 a las 02:04:10
-- Versión del servidor: 5.7.19
-- Versión de PHP: 7.0.23

SET SQL_MODE = "NO_AUTO_VALUE_ON_ZERO";
SET AUTOCOMMIT = 0;
START TRANSACTION;
SET time_zone = "+00:00";


/*!40101 SET @OLD_CHARACTER_SET_CLIENT=@@CHARACTER_SET_CLIENT */;
/*!40101 SET @OLD_CHARACTER_SET_RESULTS=@@CHARACTER_SET_RESULTS */;
/*!40101 SET @OLD_COLLATION_CONNECTION=@@COLLATION_CONNECTION */;
/*!40101 SET NAMES utf8mb4 */;

--
-- Base de datos: `shiping_db`
--

-- --------------------------------------------------------

--
-- Estructura de tabla para la tabla `city`
--

DROP TABLE IF EXISTS `city`;
CREATE TABLE IF NOT EXISTS `city` (
  `id_city` int(11) NOT NULL AUTO_INCREMENT,
  `name_city` varchar(40) NOT NULL,
  PRIMARY KEY (`id_city`)
) ENGINE=MyISAM AUTO_INCREMENT=11 DEFAULT CHARSET=latin1;

--
-- Volcado de datos para la tabla `city`
--

INSERT INTO `city` (`id_city`, `name_city`) VALUES
(1, 'London'),
(2, 'Madrid'),
(3, 'New York'),
(4, 'San Francisco'),
(5, 'Paris'),
(6, 'Atlanta'),
(8, 'Buenos Aires'),
(9, 'Ciudad de México'),
(10, 'Bogotá');

-- --------------------------------------------------------

--
-- Estructura de tabla para la tabla `client`
--

DROP TABLE IF EXISTS `client`;
CREATE TABLE IF NOT EXISTS `client` (
  `id_client` int(255) NOT NULL COMMENT 'Id oof the client',
  `name_client` varchar(50) NOT NULL COMMENT 'Name of the client',
  `city_client` int(11) NOT NULL COMMENT 'Location of the client',
  `address_client` varchar(50) NOT NULL COMMENT 'Addres of the client',
  `phone_client` int(11) NOT NULL COMMENT 'phonr of thr client',
  PRIMARY KEY (`id_client`),
  KEY `city_client` (`city_client`)
) ENGINE=MyISAM DEFAULT CHARSET=latin1;

--
-- Volcado de datos para la tabla `client`
--

INSERT INTO `client` (`id_client`, `name_client`, `city_client`, `address_client`, `phone_client`) VALUES
(9006894, 'Google San Francisco', 4, '1600 Amphitheatre Parkway Mountain View, CA 94043 ', 415736),
(9006895, 'Google New York', 3, 'New York, NY 10011', 212565),
(5006896, 'Google Madrid', 2, 'Plaza Pablo Ruiz Picasso', 917486400),
(5006897, 'Google Paris', 5, '8 Rue de Londres-15-15 Bis Rue de Clichy', 7500989),
(5006898, 'Google London', 1, '6 Pancras Square Londres N1C 4AG', 2070313000),
(9006893, 'Google Atlanta', 6, '10 10th Street NE', 404879000),
(4089896, 'Negotiatus latin america', 10, 'Cl. 24 Bis #4850', 789965),
(4006891, 'Google Buenos Aires', 8, 'Alicia M. De Justo 350, 2nd Floor', 1155303000),
(4006889, 'Google Ciudad de México', 9, 'S. de R.L. de C.V. Montes Urales 445', 55534284),
(4006860, 'Google Bogotá', 10, 'Carrera 11A 94-45 Centro Empresarial Oxo Center', 5939400),
(9006856, 'Negotiatus usa', 3, '10 E 46th St', 2127989000),
(5089965, 'Negotiatus europe', 5, '2 Avenue Gabriel', 203699965),
(9002456, 'Tesla Motors San Francisco', 4, '3500 Deer Creek Road. Palo Alto, CA 94304.', 789745422),
(4111236, 'Rappi Ciudad de mexico', 9, 'Lábaro Patrio 3, Lomas del Chamizal', 78979845);

-- --------------------------------------------------------

--
-- Estructura de tabla para la tabla `order_shipment`
--

DROP TABLE IF EXISTS `order_shipment`;
CREATE TABLE IF NOT EXISTS `order_shipment` (
  `id_order` int(50) NOT NULL AUTO_INCREMENT COMMENT 'Pk_of order',
  `tracking` varchar(20) NOT NULL COMMENT 'Id of theTraking',
  `status` int(11) NOT NULL COMMENT 'Status of the order',
  `id_vendor` int(11) NOT NULL COMMENT 'Fk_of vendor',
  `id_client` int(11) NOT NULL COMMENT 'Fk_ of client',
  `expected_date` date NOT NULL COMMENT 'expected day of the order',
  `delivered_date` date DEFAULT NULL COMMENT 'Delivery date of the order',
  `creation_register_date` date NOT NULL COMMENT 'Date to show thecreation register date ',
  `Content` varchar(50) NOT NULL COMMENT 'Content of the order, a general description',
  PRIMARY KEY (`id_order`)
) ENGINE=MyISAM AUTO_INCREMENT=1204 DEFAULT CHARSET=latin1;

--
-- Volcado de datos para la tabla `order_shipment`
--

INSERT INTO `order_shipment` (`id_order`, `tracking`, `status`, `id_vendor`, `id_client`, `expected_date`, `delivered_date`, `creation_register_date`, `Content`) VALUES
(1, '15601', 2, 4695415, 9006895, '2018-02-08', '2018-02-07', '2018-02-01', 'Office'),
(2, '15645', 2, 4695415, 9006895, '2018-02-08', '2018-02-08', '2018-02-01', 'Office'),
(3, '15689', 2, 4695415, 9006893, '2018-02-08', '2018-02-09', '2018-02-01', 'Office'),
(4, '15733', 2, 4695415, 9006856, '2018-02-08', '2018-02-10', '2018-02-01', 'Office'),
(5, '15777', 2, 4695415, 5089965, '2018-02-11', '2018-02-11', '2018-02-01', 'Office'),
(6, '15821', 2, 4695415, 5006898, '2018-02-11', '2018-02-12', '2018-02-01', 'Office'),
(7, '15865', 2, 4695415, 5006897, '2018-02-11', '2018-02-13', '2018-02-01', 'Office'),
(8, '15909', 2, 4695415, 5006896, '2018-02-11', '2018-02-14', '2018-02-01', 'Office'),
(9, '15953', 2, 4695415, 4089896, '2018-02-05', '2018-02-05', '2018-02-01', 'Office'),
(10, '15997', 2, 4695415, 4006891, '2018-02-05', '2018-02-06', '2018-02-01', 'Office'),
(11, '16041', 2, 4695415, 4006889, '2018-02-05', '2018-02-07', '2018-02-01', 'Office'),
(12, '16085', 2, 4695415, 4006860, '2018-02-05', '2018-02-08', '2018-02-01', 'Office'),
(13, '15590', 2, 5785415, 9006895, '2018-02-11', '2018-02-11', '2018-02-01', 'furniture'),
(14, '15634', 2, 5785415, 9006894, '2018-02-11', '2018-02-12', '2018-02-01', 'furniture'),
(15, '15678', 2, 5785415, 9006893, '2018-02-11', '2018-02-13', '2018-02-01', 'furniture'),
(16, '15722', 2, 5785415, 9006856, '2018-02-11', '2018-02-14', '2018-02-01', 'furniture'),
(17, '15766', 2, 5785415, 5089965, '2018-02-05', '2018-02-05', '2018-02-01', 'furniture'),
(18, '15810', 2, 5785415, 5006898, '2018-02-05', '2018-02-06', '2018-02-01', 'furniture'),
(19, '15854', 2, 5785415, 5006897, '2018-02-05', '2018-02-07', '2018-02-01', 'furniture'),
(20, '15898', 2, 5785415, 5006896, '2018-02-05', '2018-02-08', '2018-02-01', 'furniture'),
(21, '15942', 2, 5785415, 4089896, '2018-02-08', '2018-02-07', '2018-02-01', 'furniture'),
(22, '15986', 2, 5785415, 4006891, '2018-02-08', '2018-02-08', '2018-02-01', 'furniture'),
(23, '16030', 2, 5785415, 4006889, '2018-02-08', '2018-02-09', '2018-02-01', 'furniture'),
(24, '16074', 2, 5785415, 4006860, '2018-02-08', '2018-02-10', '2018-02-01', 'furniture'),
(25, '15579', 2, 9469815, 9006895, '2018-02-05', '2018-02-05', '2018-02-01', 'Various'),
(26, '15623', 2, 9469815, 9006894, '2018-02-05', '2018-02-06', '2018-02-01', 'Various'),
(27, '15667', 2, 9469815, 9006893, '2018-02-05', '2018-02-07', '2018-02-01', 'Various'),
(28, '15711', 2, 9469815, 9006856, '2018-02-05', '2018-02-08', '2018-02-01', 'Various'),
(29, '15755', 2, 9469815, 5089965, '2018-02-11', '2018-02-11', '2018-02-01', 'Various'),
(30, '15799', 2, 9469815, 5006898, '2018-02-11', '2018-02-12', '2018-02-01', 'Various'),
(31, '15843', 2, 9469815, 5006897, '2018-02-11', '2018-02-13', '2018-02-01', 'Various'),
(32, '15887', 2, 9469815, 5006896, '2018-02-11', '2018-02-14', '2018-02-01', 'Various'),
(33, '15931', 2, 9469815, 4089896, '2018-02-08', '2018-02-07', '2018-02-01', 'Various'),
(34, '15975', 2, 9469815, 4006891, '2018-02-08', '2018-02-08', '2018-02-01', 'Various'),
(35, '16019', 2, 9469815, 4006889, '2018-02-08', '2018-02-09', '2018-02-01', 'Various'),
(36, '16063', 2, 9469815, 4006860, '2018-02-08', '2018-02-10', '2018-02-01', 'Various'),
(37, '15568', 2, 9855415, 9006895, '2018-02-08', '2018-02-07', '2018-02-01', 'Various'),
(38, '15612', 2, 9855415, 9006894, '2018-02-08', '2018-02-08', '2018-02-01', 'Various'),
(39, '15656', 2, 9855415, 9006893, '2018-02-08', '2018-02-09', '2018-02-01', 'Various'),
(40, '15700', 2, 9855415, 9006856, '2018-02-08', '2018-02-10', '2018-02-01', 'Various'),
(41, '15744', 2, 9855415, 5089965, '2018-02-11', '2018-02-11', '2018-02-01', 'Various'),
(42, '15788', 2, 9855415, 5006898, '2018-02-11', '2018-02-12', '2018-02-01', 'Various'),
(43, '15832', 2, 9855415, 5006897, '2018-02-11', '2018-02-13', '2018-02-01', 'Various'),
(44, '15876', 2, 9855415, 5006896, '2018-02-11', '2018-02-14', '2018-02-01', 'Various'),
(45, '15920', 2, 9855415, 4089896, '2018-02-05', '2018-02-05', '2018-02-01', 'Various'),
(46, '15964', 2, 9855415, 4006891, '2018-02-05', '2018-02-06', '2018-02-01', 'Various'),
(47, '16008', 2, 9855415, 4006889, '2018-02-05', '2018-02-07', '2018-02-01', 'Various'),
(48, '16052', 2, 9855415, 4006860, '2018-02-05', '2018-02-08', '2018-02-01', 'Various'),
(49, 'UHJ11227487544', 2, 9855415, 9006894, '2018-03-19', '2018-03-18', '2018-03-18', 'Work Things'),
(50, 'UHJ11227487544', 0, 9855415, 9006894, '2018-03-19', NULL, '2018-03-18', 'Clothes'),
(51, 'UHJ11227487544', 0, 9855415, 9006894, '2018-03-19', NULL, '2018-03-18', 'Clothes'),
(52, 'UTHRH45678', 0, 9855415, 5006896, '2018-03-19', NULL, '2018-03-18', 'Tecnology'),
(53, 'UTHRH45678', 0, 9855415, 5006896, '2018-04-01', NULL, '2018-03-18', 'Tecnology'),
(54, 'HJAKK789', 0, 9855415, 9006894, '2018-03-26', NULL, '2018-03-18', 'Toys'),
(55, 'HJAKK789', 0, 9855415, 9006894, '2018-03-26', NULL, '2018-03-18', 'Toys'),
(56, 'HJAKK789', 0, 9855415, 9006894, '2018-03-26', NULL, '2018-03-18', 'Toys'),
(57, 'UHJTYY789554', 0, 5785415, 9006895, '2018-03-29', NULL, '2018-03-18', 'Tecnology'),
(58, 'GHT455698', 0, 4695788, 9006895, '2018-03-23', NULL, '2018-03-18', 'Tecnology'),
(59, 'UHJYT123456', 0, 9469815, 5006897, '2018-03-23', NULL, '2018-03-18', 'COMPUTERS'),
(60, 'UHTYYR45647', 0, 9469815, 9006893, '2018-03-23', NULL, '2018-03-18', 'Clothes'),
(61, 'HJKHDAS4564', 0, 9469815, 4006891, '2018-03-23', NULL, '2018-03-18', 'Tecnology'),
(62, 'SFDSAFASD', 0, 9855415, 9006895, '2018-03-23', NULL, '2018-03-18', 'Clothes'),
(63, 'UHTYYR456HJ', 0, 9855415, 5006896, '2018-04-01', NULL, '2018-03-18', 'Clothes'),
(64, 'HJJTUI4567', 0, 4695788, 5006897, '2018-03-23', NULL, '2018-03-18', 'Clothes'),
(65, 'jkdjas', 0, 9855415, 9006895, '2018-03-25', NULL, '2018-03-18', 'jfklsadj'),
(66, 'HJHDSAIU41541', 0, 5785415, 4006860, '2018-03-28', NULL, '2018-03-18', 'HJHDASU'),
(67, 'GFDSGSD', 0, 45634489, 411123659, '2018-03-23', NULL, '2018-03-18', 'GFFSGS'),
(68, 'HJT12356787', 2, 4564489, 4006891, '2018-02-08', '2018-02-08', '2018-02-01', 'furniture'),
(69, 'HJT12345687', 2, 4695415, 9006895, '2018-02-08', '2018-02-07', '2018-02-01', 'Office'),
(70, 'HJT12345787', 2, 4695415, 9006895, '2018-02-08', '2018-02-08', '2018-02-01', 'Office'),
(71, 'HJT12345887', 2, 4695415, 9006893, '2018-02-08', '2018-02-09', '2018-02-01', 'Office'),
(72, 'HJT12345987', 2, 4695415, 9006856, '2018-02-08', '2018-02-10', '2018-02-01', 'Office'),
(73, 'HJT12346087', 2, 4695415, 5089965, '2018-02-11', '2018-02-11', '2018-02-01', 'Office'),
(74, 'HJT12346187', 2, 4695415, 5006898, '2018-02-11', '2018-02-12', '2018-02-01', 'Office'),
(75, 'HJT12346287', 2, 4695415, 5006897, '2018-02-11', '2018-02-13', '2018-02-01', 'Office'),
(76, 'HJT12346387', 2, 4695415, 5006896, '2018-02-11', '2018-02-14', '2018-02-01', 'Office'),
(77, 'HJT12346487', 2, 4695415, 4089896, '2018-02-05', '2018-02-05', '2018-02-01', 'Office'),
(78, 'HJT12346587', 2, 4695415, 4006891, '2018-02-05', '2018-02-06', '2018-02-01', 'Office'),
(79, 'HJT12346687', 2, 4695415, 4006889, '2018-02-05', '2018-02-07', '2018-02-01', 'Office'),
(80, 'HJT12346787', 2, 4695415, 4006860, '2018-02-05', '2018-02-08', '2018-02-01', 'Office'),
(81, 'HJT12346887', 2, 5785415, 9006895, '2018-02-11', '2018-02-11', '2018-02-01', 'furniture'),
(82, 'HJT12346987', 2, 5785415, 9006894, '2018-02-11', '2018-02-12', '2018-02-01', 'furniture'),
(83, 'HJT12347087', 2, 5785415, 9006893, '2018-02-11', '2018-02-13', '2018-02-01', 'furniture'),
(84, 'HJT12347187', 2, 5785415, 9006856, '2018-02-11', '2018-02-14', '2018-02-01', 'furniture'),
(85, 'HJT12347287', 2, 5785415, 5089965, '2018-02-05', '2018-02-05', '2018-02-01', 'furniture'),
(86, 'HJT12347387', 2, 5785415, 5006898, '2018-02-05', '2018-02-06', '2018-02-01', 'furniture'),
(87, 'HJT12347487', 2, 5785415, 5006897, '2018-02-05', '2018-02-07', '2018-02-01', 'furniture'),
(88, 'HJT12347587', 2, 5785415, 5006896, '2018-02-05', '2018-02-08', '2018-02-01', 'furniture'),
(89, 'HJT12347687', 2, 5785415, 4089896, '2018-02-08', '2018-02-07', '2018-02-01', 'furniture'),
(90, 'HJT12347787', 2, 5785415, 4006891, '2018-02-08', '2018-02-08', '2018-02-01', 'furniture'),
(91, 'HJT12347887', 2, 5785415, 4006889, '2018-02-08', '2018-02-09', '2018-02-01', 'furniture'),
(92, 'HJT12347987', 2, 5785415, 4006860, '2018-02-08', '2018-02-10', '2018-02-01', 'furniture'),
(93, 'HJT12348087', 2, 9469815, 9006895, '2018-02-05', '2018-02-05', '2018-02-01', 'Various'),
(94, 'HJT12348187', 2, 9469815, 9006894, '2018-02-05', '2018-02-06', '2018-02-01', 'Various'),
(95, 'HJT12348287', 2, 9469815, 9006893, '2018-02-05', '2018-02-07', '2018-02-01', 'Various'),
(96, 'HJT12348387', 2, 9469815, 9006856, '2018-02-05', '2018-02-08', '2018-02-01', 'Various'),
(97, 'HJT12348487', 2, 9469815, 5089965, '2018-02-11', '2018-02-11', '2018-02-01', 'Various'),
(98, 'HJT12348587', 2, 9469815, 5006898, '2018-02-11', '2018-02-12', '2018-02-01', 'Various'),
(99, 'HJT12348687', 2, 9469815, 5006897, '2018-02-11', '2018-02-13', '2018-02-01', 'Various'),
(100, 'HJT12348787', 2, 9469815, 5006896, '2018-02-11', '2018-02-14', '2018-02-01', 'Various'),
(101, 'HJT12348887', 2, 9469815, 4089896, '2018-02-08', '2018-02-07', '2018-02-01', 'Various'),
(102, 'HJT12348987', 2, 9469815, 4006891, '2018-02-08', '2018-02-08', '2018-02-01', 'Various'),
(103, 'HJT12349087', 2, 9469815, 4006889, '2018-02-08', '2018-02-09', '2018-02-01', 'Various'),
(104, 'HJT12349187', 2, 9469815, 4006860, '2018-02-08', '2018-02-10', '2018-02-01', 'Various'),
(105, 'HJT12349287', 2, 9855415, 9006895, '2018-02-08', '2018-02-07', '2018-02-01', 'Various'),
(106, 'HJT12349387', 2, 9855415, 9006894, '2018-02-08', '2018-02-08', '2018-02-01', 'Various'),
(107, 'HJT12349487', 2, 9855415, 9006893, '2018-02-08', '2018-02-09', '2018-02-01', 'Various'),
(108, 'HJT12349587', 2, 9855415, 9006856, '2018-02-08', '2018-02-10', '2018-02-01', 'Various'),
(109, 'HJT12349687', 2, 9855415, 5089965, '2018-02-11', '2018-02-11', '2018-02-01', 'Various'),
(110, 'HJT12349787', 2, 9855415, 5006898, '2018-02-11', '2018-02-12', '2018-02-01', 'Various'),
(111, 'HJT12349887', 2, 9855415, 5006897, '2018-02-11', '2018-02-13', '2018-02-01', 'Various'),
(112, 'HJT12349987', 2, 9855415, 5006896, '2018-02-11', '2018-02-14', '2018-02-01', 'Various'),
(113, 'HJT12350087', 2, 9855415, 4089896, '2018-02-05', '2018-02-05', '2018-02-01', 'Various'),
(114, 'HJT12350187', 2, 9855415, 4006891, '2018-02-05', '2018-02-06', '2018-02-01', 'Various'),
(115, 'HJT12350287', 2, 9855415, 4006889, '2018-02-05', '2018-02-07', '2018-02-01', 'Various'),
(116, 'HJT12350387', 2, 9855415, 4006860, '2018-02-05', '2018-02-08', '2018-02-01', 'Various'),
(117, 'HJT12345687', 2, 4695415, 9006895, '2018-02-08', '2018-02-07', '2018-02-01', 'Office'),
(118, 'HJT12345787', 2, 4695415, 9006895, '2018-02-08', '2018-02-08', '2018-02-01', 'Office'),
(119, 'HJT12345887', 2, 4695415, 9006893, '2018-02-08', '2018-02-09', '2018-02-01', 'Office'),
(120, 'HJT12345987', 2, 4695415, 9006856, '2018-02-08', '2018-02-10', '2018-02-01', 'Office'),
(121, 'HJT12346087', 2, 4695415, 5089965, '2018-02-11', '2018-02-11', '2018-02-01', 'Office'),
(122, 'HJT12346187', 2, 4695415, 5006898, '2018-02-11', '2018-02-12', '2018-02-01', 'Office'),
(123, 'HJT12346287', 2, 4695415, 5006897, '2018-02-11', '2018-02-13', '2018-02-01', 'Office'),
(124, 'HJT12346387', 2, 4695415, 5006896, '2018-02-11', '2018-02-14', '2018-02-01', 'Office'),
(125, 'HJT12346487', 2, 4695415, 4089896, '2018-02-05', '2018-02-05', '2018-02-01', 'Office'),
(126, 'HJT12346587', 2, 4695415, 4006891, '2018-02-05', '2018-02-06', '2018-02-01', 'Office'),
(127, 'HJT12346687', 2, 4695415, 4006889, '2018-02-05', '2018-02-07', '2018-02-01', 'Office'),
(128, 'HJT12346787', 2, 4695415, 4006860, '2018-02-05', '2018-02-08', '2018-02-01', 'Office'),
(129, 'HJT12346887', 2, 5785415, 9006895, '2018-02-11', '2018-02-11', '2018-02-01', 'furniture'),
(130, 'HJT12346987', 2, 5785415, 9006894, '2018-02-11', '2018-02-12', '2018-02-01', 'furniture'),
(131, 'HJT12347087', 2, 5785415, 9006893, '2018-02-11', '2018-02-13', '2018-02-01', 'furniture'),
(132, 'HJT12347187', 2, 5785415, 9006856, '2018-02-11', '2018-02-14', '2018-02-01', 'furniture'),
(133, 'HJT12347287', 2, 5785415, 5089965, '2018-02-05', '2018-02-05', '2018-02-01', 'furniture'),
(134, 'HJT12347387', 2, 5785415, 5006898, '2018-02-05', '2018-02-06', '2018-02-01', 'furniture'),
(135, 'HJT12347487', 2, 5785415, 5006897, '2018-02-05', '2018-02-07', '2018-02-01', 'furniture'),
(136, 'HJT12347587', 2, 5785415, 5006896, '2018-02-05', '2018-02-08', '2018-02-01', 'furniture'),
(137, 'HJT12347687', 2, 5785415, 4089896, '2018-02-08', '2018-02-07', '2018-02-01', 'furniture'),
(138, 'HJT12347787', 2, 5785415, 4006891, '2018-02-08', '2018-02-08', '2018-02-01', 'furniture'),
(139, 'HJT12347887', 2, 5785415, 4006889, '2018-02-08', '2018-02-09', '2018-02-01', 'furniture'),
(140, 'HJT12347987', 2, 5785415, 4006860, '2018-02-08', '2018-02-10', '2018-02-01', 'furniture'),
(141, 'HJT12348087', 2, 9469815, 9006895, '2018-02-05', '2018-02-05', '2018-02-01', 'Various'),
(142, 'HJT12348187', 2, 9469815, 9006894, '2018-02-05', '2018-02-06', '2018-02-01', 'Various'),
(143, 'HJT12348287', 2, 9469815, 9006893, '2018-02-05', '2018-02-07', '2018-02-01', 'Various'),
(144, 'HJT12348387', 2, 9469815, 9006856, '2018-02-05', '2018-02-08', '2018-02-01', 'Various'),
(145, 'HJT12348487', 2, 9469815, 5089965, '2018-02-11', '2018-02-11', '2018-02-01', 'Various'),
(146, 'HJT12348587', 2, 9469815, 5006898, '2018-02-11', '2018-02-12', '2018-02-01', 'Various'),
(147, 'HJT12348687', 2, 9469815, 5006897, '2018-02-11', '2018-02-13', '2018-02-01', 'Various'),
(148, 'HJT12348787', 2, 9469815, 5006896, '2018-02-11', '2018-02-14', '2018-02-01', 'Various'),
(149, 'HJT12348887', 2, 9469815, 4089896, '2018-02-08', '2018-02-07', '2018-02-01', 'Various'),
(150, 'HJT12348987', 2, 9469815, 4006891, '2018-02-08', '2018-02-08', '2018-02-01', 'Various'),
(151, 'HJT12349087', 2, 9469815, 4006889, '2018-02-08', '2018-02-09', '2018-02-01', 'Various'),
(152, 'HJT12349187', 2, 9469815, 4006860, '2018-02-08', '2018-02-10', '2018-02-01', 'Various'),
(153, 'HJT12349287', 2, 9855415, 9006895, '2018-02-08', '2018-02-07', '2018-02-01', 'Various'),
(154, 'HJT12349387', 2, 9855415, 9006894, '2018-02-08', '2018-02-08', '2018-02-01', 'Various'),
(155, 'HJT12349487', 2, 9855415, 9006893, '2018-02-08', '2018-02-09', '2018-02-01', 'Various'),
(156, 'HJT12349587', 2, 9855415, 9006856, '2018-02-08', '2018-02-10', '2018-02-01', 'Various'),
(157, 'HJT12349687', 2, 9855415, 5089965, '2018-02-11', '2018-02-11', '2018-02-01', 'Various'),
(158, 'HJT12349787', 2, 9855415, 5006898, '2018-02-11', '2018-02-12', '2018-02-01', 'Various'),
(159, 'HJT12349887', 2, 9855415, 5006897, '2018-02-11', '2018-02-13', '2018-02-01', 'Various'),
(160, 'HJT12349987', 2, 9855415, 5006896, '2018-02-11', '2018-02-14', '2018-02-01', 'Various'),
(161, 'HJT12350087', 2, 9855415, 4089896, '2018-02-05', '2018-02-05', '2018-02-01', 'Various'),
(162, 'HJT12350187', 2, 9855415, 4006891, '2018-02-05', '2018-02-06', '2018-02-01', 'Various'),
(163, 'HJT12350287', 2, 9855415, 4006889, '2018-02-05', '2018-02-07', '2018-02-01', 'Various'),
(164, 'HJT12350387', 2, 9855415, 4006860, '2018-02-05', '2018-02-08', '2018-02-01', 'Various'),
(165, 'HJT12350387', 2, 4564489, 4006860, '2018-02-05', '2018-02-10', '2018-02-01', 'Office'),
(166, 'HJT12350587', 2, 4564489, 4006889, '2018-02-05', '2018-02-07', '2018-02-01', 'Office'),
(167, 'HJT12350687', 2, 4564489, 4006891, '2018-02-05', '2018-02-08', '2018-02-01', 'Office'),
(168, 'HJT12350787', 2, 4564489, 4089896, '2018-02-05', '2018-02-09', '2018-02-01', 'Office'),
(169, 'HJT12350887', 2, 4564489, 4111236, '2018-02-05', '2018-02-10', '2018-02-01', 'Office'),
(170, 'HJT12350987', 2, 4564489, 5006896, '2018-02-08', '2018-02-11', '2018-02-01', 'Office'),
(171, 'HJT12351087', 2, 4564489, 5006897, '2018-02-08', '2018-02-12', '2018-02-01', 'Office'),
(172, 'HJT12351187', 2, 4564489, 5006898, '2018-02-08', '2018-02-13', '2018-02-01', 'Office'),
(173, 'HJT12351287', 2, 4564489, 5089965, '2018-02-08', '2018-02-14', '2018-02-01', 'Office'),
(174, 'HJT12351387', 2, 4564489, 9002456, '2018-02-11', '2018-02-08', '2018-02-01', 'Office'),
(175, 'HJT12351487', 2, 4564489, 9006856, '2018-02-11', '2018-02-09', '2018-02-01', 'Office'),
(176, 'HJT12351587', 2, 4564489, 9006893, '2018-02-11', '2018-02-10', '2018-02-01', 'Office'),
(177, 'HJT12351687', 2, 4564489, 9006894, '2018-02-11', '2018-02-11', '2018-02-01', 'furniture'),
(178, 'HJT12351787', 2, 4564489, 9006895, '2018-02-11', '2018-02-12', '2018-02-01', 'furniture'),
(179, 'HJT12351887', 2, 9855415, 4006860, '2018-02-05', '2018-02-07', '2018-02-01', 'furniture'),
(180, 'HJT12351987', 2, 9855415, 4006889, '2018-02-05', '2018-02-07', '2018-02-01', 'furniture'),
(181, 'HJT12352087', 2, 9855415, 4006891, '2018-02-05', '2018-02-08', '2018-02-01', 'furniture'),
(182, 'HJT12352187', 2, 9855415, 4089896, '2018-02-05', '2018-02-09', '2018-02-01', 'furniture'),
(183, 'HJT12352287', 2, 9855415, 4111236, '2018-02-05', '2018-02-13', '2018-02-01', 'furniture'),
(184, 'HJT12352387', 2, 9855415, 5006896, '2018-02-05', '2018-02-13', '2018-02-01', 'furniture'),
(185, 'HJT12352487', 2, 9855415, 5006897, '2018-02-08', '2018-02-10', '2018-02-01', 'furniture'),
(186, 'HJT12352587', 2, 9855415, 5006898, '2018-02-08', '2018-02-11', '2018-02-01', 'furniture'),
(187, 'HJT12352687', 2, 9855415, 5089965, '2018-02-08', '2018-02-12', '2018-02-01', 'furniture'),
(188, 'HJT12352787', 2, 9855415, 9002456, '2018-02-08', '2018-02-10', '2018-02-01', 'furniture'),
(189, 'HJT12352887', 2, 9855415, 9006856, '2018-02-11', '2018-02-11', '2018-02-01', 'Various'),
(190, 'HJT12352987', 2, 9855415, 9006893, '2018-02-11', '2018-02-10', '2018-02-01', 'Various'),
(191, 'HJT12353087', 2, 9855415, 9006894, '2018-02-11', '2018-02-11', '2018-02-01', 'Various'),
(192, 'HJT12353187', 2, 9855415, 9006895, '2018-02-11', '2018-02-13', '2018-02-01', 'Various'),
(193, 'HJT12353287', 2, 9469815, 4006860, '2018-02-13', '2018-02-15', '2018-02-01', 'Various'),
(194, 'HJT12353387', 2, 9469815, 4006889, '2018-02-13', '2018-02-14', '2018-02-01', 'Various'),
(195, 'HJT12353487', 2, 9469815, 4006891, '2018-02-13', '2018-02-16', '2018-02-01', 'Various'),
(196, 'HJT12353587', 2, 9469815, 4089896, '2018-02-13', '2018-02-19', '2018-02-01', 'Various'),
(197, 'HJT12353687', 2, 9469815, 4111236, '2018-02-13', '2018-02-13', '2018-02-01', 'Various'),
(198, 'HJT12353787', 2, 9469815, 5006896, '2018-02-14', '2018-02-17', '2018-02-01', 'Various'),
(199, 'HJT12353887', 2, 9469815, 5006897, '2018-02-14', '2018-02-15', '2018-02-01', 'Various'),
(200, 'HJT12353987', 2, 9469815, 5006898, '2018-02-14', '2018-02-19', '2018-02-01', 'Various'),
(201, 'HJT12354087', 2, 9469815, 5089965, '2018-02-14', '2018-02-25', '2018-02-01', 'Various'),
(202, 'HJT12354187', 2, 9469815, 9002456, '2018-02-14', '2018-02-13', '2018-02-01', 'Various'),
(203, 'HJT12354287', 2, 9469815, 9006856, '2018-02-14', '2018-02-20', '2018-02-01', 'Various'),
(204, 'HJT12354487', 2, 9469815, 9006894, '2018-02-19', '2018-02-18', '2018-02-01', 'Various'),
(205, 'HJT12345687', 2, 4695415, 9006895, '2018-02-08', '2018-02-07', '2018-02-01', 'Office'),
(206, 'HJT12345787', 2, 4695415, 9006895, '2018-02-08', '2018-02-08', '2018-02-01', 'Office'),
(207, 'HJT12345887', 2, 4695415, 9006893, '2018-02-08', '2018-02-09', '2018-02-01', 'Office'),
(208, 'HJT12345987', 2, 4695415, 9006856, '2018-02-08', '2018-02-10', '2018-02-01', 'Office'),
(209, 'HJT12346087', 2, 4695415, 5089965, '2018-02-11', '2018-02-11', '2018-02-01', 'Office'),
(210, 'HJT12346187', 2, 4695415, 5006898, '2018-02-11', '2018-02-12', '2018-02-01', 'Office'),
(211, 'HJT12346287', 2, 4695415, 5006897, '2018-02-11', '2018-02-13', '2018-02-01', 'Office'),
(212, 'HJT12346387', 2, 4695415, 5006896, '2018-02-11', '2018-02-14', '2018-02-01', 'Office'),
(213, 'HJT12346487', 2, 4695415, 4089896, '2018-02-05', '2018-02-05', '2018-02-01', 'Office'),
(214, 'HJT12346587', 2, 4695415, 4006891, '2018-02-05', '2018-02-06', '2018-02-01', 'Office'),
(215, 'HJT12346687', 2, 4695415, 4006889, '2018-02-05', '2018-02-07', '2018-02-01', 'Office'),
(216, 'HJT12346787', 2, 4695415, 4006860, '2018-02-05', '2018-02-08', '2018-02-01', 'Office'),
(217, 'HJT12346887', 2, 5785415, 9006895, '2018-02-11', '2018-02-11', '2018-02-01', 'furniture'),
(218, 'HJT12346987', 2, 5785415, 9006894, '2018-02-11', '2018-02-12', '2018-02-01', 'furniture'),
(219, 'HJT12347087', 2, 5785415, 9006893, '2018-02-11', '2018-02-13', '2018-02-01', 'furniture'),
(220, 'HJT12347187', 2, 5785415, 9006856, '2018-02-11', '2018-02-14', '2018-02-01', 'furniture'),
(221, 'HJT12347287', 2, 5785415, 5089965, '2018-02-05', '2018-02-05', '2018-02-01', 'furniture'),
(222, 'HJT12347387', 2, 5785415, 5006898, '2018-02-05', '2018-02-06', '2018-02-01', 'furniture'),
(223, 'HJT12347487', 2, 5785415, 5006897, '2018-02-05', '2018-02-07', '2018-02-01', 'furniture'),
(224, 'HJT12347587', 2, 5785415, 5006896, '2018-02-05', '2018-02-08', '2018-02-01', 'furniture'),
(225, 'HJT12347687', 2, 5785415, 4089896, '2018-02-08', '2018-02-07', '2018-02-01', 'furniture'),
(226, 'HJT12347787', 2, 5785415, 4006891, '2018-02-08', '2018-02-08', '2018-02-01', 'furniture'),
(227, 'HJT12347887', 2, 5785415, 4006889, '2018-02-08', '2018-02-09', '2018-02-01', 'furniture'),
(228, 'HJT12347987', 2, 5785415, 4006860, '2018-02-08', '2018-02-10', '2018-02-01', 'furniture'),
(229, 'HJT12348087', 2, 9469815, 9006895, '2018-02-05', '2018-02-05', '2018-02-01', 'Various'),
(230, 'HJT12348187', 2, 9469815, 9006894, '2018-02-05', '2018-02-06', '2018-02-01', 'Various'),
(231, 'HJT12348287', 2, 9469815, 9006893, '2018-02-05', '2018-02-07', '2018-02-01', 'Various'),
(232, 'HJT12348387', 2, 9469815, 9006856, '2018-02-05', '2018-02-08', '2018-02-01', 'Various'),
(233, 'HJT12348487', 2, 9469815, 5089965, '2018-02-11', '2018-02-11', '2018-02-01', 'Various'),
(234, 'HJT12348587', 2, 9469815, 5006898, '2018-02-11', '2018-02-12', '2018-02-01', 'Various'),
(235, 'HJT12348687', 2, 9469815, 5006897, '2018-02-11', '2018-02-13', '2018-02-01', 'Various'),
(236, 'HJT12348787', 2, 9469815, 5006896, '2018-02-11', '2018-02-14', '2018-02-01', 'Various'),
(237, 'HJT12348887', 2, 9469815, 4089896, '2018-02-08', '2018-02-07', '2018-02-01', 'Various'),
(238, 'HJT12348987', 2, 9469815, 4006891, '2018-02-08', '2018-02-08', '2018-02-01', 'Various'),
(239, 'HJT12349087', 2, 9469815, 4006889, '2018-02-08', '2018-02-09', '2018-02-01', 'Various'),
(240, 'HJT12349187', 2, 9469815, 4006860, '2018-02-08', '2018-02-10', '2018-02-01', 'Various'),
(241, 'HJT12349287', 2, 9855415, 9006895, '2018-02-08', '2018-02-07', '2018-02-01', 'Various'),
(242, 'HJT12349387', 2, 9855415, 9006894, '2018-02-08', '2018-02-08', '2018-02-01', 'Various'),
(243, 'HJT12349487', 2, 9855415, 9006893, '2018-02-08', '2018-02-09', '2018-02-01', 'Various'),
(244, 'HJT12349587', 2, 9855415, 9006856, '2018-02-08', '2018-02-10', '2018-02-01', 'Various'),
(245, 'HJT12349687', 2, 9855415, 5089965, '2018-02-11', '2018-02-11', '2018-02-01', 'Various'),
(246, 'HJT12349787', 2, 9855415, 5006898, '2018-02-11', '2018-02-12', '2018-02-01', 'Various'),
(247, 'HJT12349887', 2, 9855415, 5006897, '2018-02-11', '2018-02-13', '2018-02-01', 'Various'),
(248, 'HJT12349987', 2, 9855415, 5006896, '2018-02-11', '2018-02-14', '2018-02-01', 'Various'),
(249, 'HJT12350087', 2, 9855415, 4089896, '2018-02-05', '2018-02-05', '2018-02-01', 'Various'),
(250, 'HJT12350187', 2, 9855415, 4006891, '2018-02-05', '2018-02-06', '2018-02-01', 'Various'),
(251, 'HJT12350287', 2, 9855415, 4006889, '2018-02-05', '2018-02-07', '2018-02-01', 'Various'),
(252, 'HJT12350387', 2, 9855415, 4006860, '2018-02-05', '2018-02-08', '2018-02-01', 'Various'),
(253, 'HJT12350387', 2, 4564489, 4006860, '2018-02-05', '2018-02-10', '2018-02-01', 'Office'),
(254, 'HJT12350587', 2, 4564489, 4006889, '2018-02-05', '2018-02-07', '2018-02-01', 'Office'),
(255, 'HJT12350687', 2, 4564489, 4006891, '2018-02-05', '2018-02-08', '2018-02-01', 'Office'),
(256, 'HJT12350787', 2, 4564489, 4089896, '2018-02-05', '2018-02-09', '2018-02-01', 'Office'),
(257, 'HJT12350887', 2, 4564489, 4111236, '2018-02-05', '2018-02-10', '2018-02-01', 'Office'),
(258, 'HJT12350987', 2, 4564489, 5006896, '2018-02-08', '2018-02-11', '2018-02-01', 'Office'),
(259, 'HJT12351087', 2, 4564489, 5006897, '2018-02-08', '2018-02-12', '2018-02-01', 'Office'),
(260, 'HJT12351187', 2, 4564489, 5006898, '2018-02-08', '2018-02-13', '2018-02-01', 'Office'),
(261, 'HJT12351287', 2, 4564489, 5089965, '2018-02-08', '2018-02-14', '2018-02-01', 'Office'),
(262, 'HJT12351387', 2, 4564489, 9002456, '2018-02-11', '2018-02-08', '2018-02-01', 'Office'),
(263, 'HJT12351487', 2, 4564489, 9006856, '2018-02-11', '2018-02-09', '2018-02-01', 'Office'),
(264, 'HJT12351587', 2, 4564489, 9006893, '2018-02-11', '2018-02-10', '2018-02-01', 'Office'),
(265, 'HJT12351687', 2, 4564489, 9006894, '2018-02-11', '2018-02-11', '2018-02-01', 'furniture'),
(266, 'HJT12351787', 2, 4564489, 9006895, '2018-02-11', '2018-02-12', '2018-02-01', 'furniture'),
(267, 'HJT12351887', 2, 9855415, 4006860, '2018-02-05', '2018-02-07', '2018-02-01', 'furniture'),
(268, 'HJT12351987', 2, 9855415, 4006889, '2018-02-05', '2018-02-07', '2018-02-01', 'furniture'),
(269, 'HJT12352087', 2, 9855415, 4006891, '2018-02-05', '2018-02-08', '2018-02-01', 'furniture'),
(270, 'HJT12352187', 2, 9855415, 4089896, '2018-02-05', '2018-02-09', '2018-02-01', 'furniture'),
(271, 'HJT12352287', 2, 9855415, 4111236, '2018-02-05', '2018-02-13', '2018-02-01', 'furniture'),
(272, 'HJT12352387', 2, 9855415, 5006896, '2018-02-05', '2018-02-13', '2018-02-01', 'furniture'),
(273, 'HJT12352487', 2, 9855415, 5006897, '2018-02-08', '2018-02-10', '2018-02-01', 'furniture'),
(274, 'HJT12352587', 2, 9855415, 5006898, '2018-02-08', '2018-02-11', '2018-02-01', 'furniture'),
(275, 'HJT12352687', 2, 9855415, 5089965, '2018-02-08', '2018-02-12', '2018-02-01', 'furniture'),
(276, 'HJT12352787', 2, 9855415, 9002456, '2018-02-08', '2018-02-10', '2018-02-01', 'furniture'),
(277, 'HJT12352887', 2, 9855415, 9006856, '2018-02-11', '2018-02-11', '2018-02-01', 'Various'),
(278, 'HJT12352987', 2, 9855415, 9006893, '2018-02-11', '2018-02-10', '2018-02-01', 'Various'),
(279, 'HJT12353087', 2, 9855415, 9006894, '2018-02-11', '2018-02-11', '2018-02-01', 'Various'),
(280, 'HJT12353187', 2, 9855415, 9006895, '2018-02-11', '2018-02-13', '2018-02-01', 'Various'),
(281, 'HJT12353287', 2, 9469815, 4006860, '2018-02-13', '2018-02-15', '2018-02-01', 'Various'),
(282, 'HJT12353387', 2, 9469815, 4006889, '2018-02-13', '2018-02-14', '2018-02-01', 'Various'),
(283, 'HJT12353487', 2, 9469815, 4006891, '2018-02-13', '2018-02-16', '2018-02-01', 'Various'),
(284, 'HJT12353587', 2, 9469815, 4089896, '2018-02-13', '2018-02-19', '2018-02-01', 'Various'),
(285, 'HJT12353687', 2, 9469815, 4111236, '2018-02-13', '2018-02-13', '2018-02-01', 'Various'),
(286, 'HJT12353787', 2, 9469815, 5006896, '2018-02-14', '2018-02-17', '2018-02-01', 'Various'),
(287, 'HJT12353887', 2, 9469815, 5006897, '2018-02-14', '2018-02-15', '2018-02-01', 'Various'),
(288, 'HJT12353987', 2, 9469815, 5006898, '2018-02-14', '2018-02-19', '2018-02-01', 'Various'),
(289, 'HJT12354087', 2, 9469815, 5089965, '2018-02-14', '2018-02-25', '2018-02-01', 'Various'),
(290, 'HJT12354187', 2, 9469815, 9002456, '2018-02-14', '2018-02-13', '2018-02-01', 'Various'),
(291, 'HJT12354287', 2, 9469815, 9006856, '2018-02-14', '2018-02-20', '2018-02-01', 'Various'),
(292, 'HJT12354387', 2, 9469815, 9006893, '2018-02-14', '2018-02-26', '2018-02-01', 'Various'),
(293, 'HJT12354487', 2, 9469815, 9006894, '2018-02-19', '2018-02-18', '2018-02-01', 'Various'),
(294, 'HJT12354587', 2, 9469815, 9006895, '2018-02-25', '2018-02-11', '2018-02-01', 'Various'),
(295, 'HJT12354687', 2, 5785415, 4006860, '2018-02-13', '2018-02-10', '2018-02-01', 'Various'),
(296, 'HJT12354787', 2, 5785415, 4006889, '2018-02-26', '2018-02-20', '2018-02-01', 'Various'),
(297, 'HJT12354887', 2, 5785415, 4006891, '2018-02-26', '2018-02-14', '2018-02-01', 'Various'),
(298, 'HJT12354987', 2, 5785415, 4089896, '2018-02-26', '2018-02-21', '2018-02-01', 'Various'),
(299, 'HJT12355087', 2, 5785415, 4111236, '2018-02-26', '2018-02-05', '2018-02-01', 'Various'),
(300, 'HJT12355187', 2, 5785415, 5006896, '2018-02-26', '2018-02-24', '2018-02-01', 'Various'),
(301, 'HJT12355287', 2, 5785415, 5006897, '2018-02-26', '2018-02-19', '2018-02-01', 'Office'),
(302, 'HJT12355387', 2, 5785415, 5006898, '2018-02-14', '2018-02-25', '2018-02-01', 'Office'),
(303, 'HJT12355487', 2, 5785415, 5089965, '2018-02-14', '2018-02-04', '2018-02-01', 'Office'),
(304, 'HJT12355587', 2, 5785415, 9002456, '2018-02-14', '2018-02-20', '2018-02-01', 'Office'),
(305, 'HJT12355687', 2, 5785415, 9006856, '2018-02-14', '2018-02-14', '2018-02-01', 'Office'),
(306, 'HJT12355787', 2, 5785415, 9006893, '2018-02-14', '2018-02-08', '2018-02-01', 'Office'),
(307, 'HJT12355887', 2, 5785415, 9006894, '2018-02-14', '2018-02-06', '2018-02-01', 'Office'),
(308, 'HJT12355987', 2, 5785415, 9006895, '2018-02-14', '2018-02-26', '2018-02-01', 'Office'),
(309, 'HJT12356087', 2, 4564489, 4006860, '2018-02-17', '2018-02-05', '2018-02-01', 'Office'),
(310, 'HJT12356187', 2, 4564489, 4006889, '2018-02-08', '2018-02-05', '2018-02-01', 'Office'),
(311, 'HJT12356287', 2, 4564489, 4006891, '2018-02-09', '2018-02-08', '2018-02-01', 'Office'),
(312, 'HJT12356387', 2, 4564489, 4089896, '2018-02-09', '2018-02-06', '2018-02-01', 'Office'),
(313, 'HJT12356487', 2, 4564489, 4111236, '2018-02-07', '2018-02-08', '2018-02-01', 'furniture'),
(314, 'HJT12356587', 2, 4564489, 4006860, '2018-02-06', '2018-02-09', '2018-02-01', 'furniture'),
(315, 'HJT12356687', 2, 4564489, 4006889, '2018-02-05', '2018-02-09', '2018-02-01', 'furniture'),
(316, 'HJT12356787', 2, 4564489, 4006891, '2018-02-08', '2018-02-08', '2018-02-01', 'furniture'),
(317, 'HJT12356887', 2, 4564489, 4089896, '2018-02-05', '2018-02-09', '2018-02-01', 'furniture'),
(318, 'HJT12356987', 2, 4564489, 4111236, '2018-02-07', '2018-02-07', '2018-02-01', 'furniture'),
(319, 'HJT12357087', 2, 4564489, 4006860, '2018-02-05', '2018-02-06', '2018-02-01', 'furniture'),
(320, 'HJT12357187', 2, 4564489, 4006889, '2018-02-05', '2018-02-05', '2018-02-01', 'furniture'),
(321, 'HJT12357287', 2, 4564489, 4006891, '2018-02-07', '2018-02-07', '2018-02-01', 'furniture'),
(322, 'HJT12357387', 2, 4564489, 4089896, '2018-02-09', '2018-02-08', '2018-02-01', 'furniture'),
(323, 'HJT12357487', 2, 4564489, 4111236, '2018-02-05', '2018-02-06', '2018-02-01', 'furniture'),
(324, 'HJT12357587', 2, 4564489, 4006860, '2018-02-09', '2018-02-09', '2018-02-01', 'furniture'),
(325, 'HJT12357687', 2, 4564489, 4006889, '2018-02-08', '2018-02-09', '2018-02-01', 'Various'),
(326, 'HJT12357787', 2, 4564489, 4006891, '2018-02-09', '2018-02-08', '2018-02-01', 'Various'),
(327, 'HJT12357887', 2, 4564489, 4089896, '2018-02-06', '2018-02-06', '2018-02-01', 'Various'),
(328, 'HJT12357987', 2, 4564489, 4111236, '2018-02-08', '2018-02-06', '2018-02-01', 'Various'),
(329, 'HJT12358087', 2, 4564489, 4006860, '2018-02-05', '2018-02-10', '2018-02-01', 'Various'),
(330, 'HJT12358187', 2, 4564489, 4006889, '2018-02-05', '2018-02-05', '2018-02-01', 'Various'),
(331, 'HJT12358287', 2, 4564489, 4006891, '2018-02-10', '2018-02-10', '2018-02-01', 'Various'),
(332, 'HJT12358387', 2, 4564489, 4089896, '2018-02-06', '2018-02-08', '2018-02-01', 'Various'),
(333, 'HJT12358487', 2, 4564489, 4111236, '2018-02-07', '2018-02-07', '2018-02-01', 'Various'),
(334, 'HJT12358587', 2, 4564489, 4006860, '2018-02-09', '2018-02-08', '2018-02-01', 'Various'),
(335, 'HJT12358687', 2, 4564489, 4006889, '2018-02-09', '2018-02-06', '2018-02-01', 'Various'),
(336, 'HJT12358787', 2, 4564489, 4006891, '2018-02-10', '2018-02-05', '2018-02-01', 'Various'),
(337, 'HJT12358887', 2, 4564489, 4089896, '2018-02-08', '2018-02-08', '2018-02-01', 'Various'),
(338, 'HJT12358987', 2, 4564489, 4111236, '2018-02-10', '2018-02-10', '2018-02-01', 'Various'),
(339, 'HJT12359087', 2, 4564489, 4006860, '2018-02-05', '2018-02-06', '2018-02-01', 'Various'),
(340, 'HJT12359187', 2, 4564489, 4006889, '2018-02-05', '2018-02-08', '2018-02-01', 'Various'),
(341, 'HJT12359287', 2, 4564489, 4006891, '2018-02-10', '2018-02-10', '2018-02-01', 'Various'),
(342, 'HJT12359387', 2, 4564489, 4089896, '2018-02-10', '2018-02-10', '2018-02-01', 'Various'),
(343, 'HJT12359487', 2, 4564489, 4111236, '2018-02-10', '2018-02-10', '2018-02-01', 'Various'),
(344, 'HJT12359587', 2, 4564489, 4006860, '2018-02-06', '2018-02-05', '2018-02-01', 'Various'),
(345, 'HJT12359687', 2, 4564489, 4006889, '2018-02-06', '2018-02-09', '2018-02-01', 'Various'),
(346, 'HJT12359787', 2, 4695788, 4006891, '2018-02-07', '2018-02-05', '2018-02-01', 'Various'),
(347, 'HJT12359887', 2, 4695415, 4089896, '2018-02-09', '2018-02-07', '2018-02-01', 'Various'),
(348, 'HJT12359987', 2, 4564489, 4111236, '2018-02-08', '2018-02-07', '2018-02-01', 'Various'),
(349, 'HJT12360087', 2, 4695788, 4006860, '2018-02-08', '2018-02-07', '2018-02-01', 'Office'),
(350, 'HJT12360187', 2, 4695415, 4006889, '2018-02-06', '2018-02-08', '2018-02-01', 'Office'),
(351, 'HJT12360287', 2, 4564489, 4006891, '2018-02-05', '2018-02-09', '2018-02-01', 'Office'),
(352, 'HJT12360387', 2, 4695788, 4089896, '2018-02-08', '2018-02-05', '2018-02-01', 'Office'),
(353, 'HJT12360487', 2, 4695415, 4111236, '2018-02-08', '2018-02-07', '2018-02-01', 'Office'),
(354, 'HJT12360587', 2, 4564489, 4006860, '2018-02-10', '2018-02-07', '2018-02-01', 'Office'),
(355, 'HJT12360687', 2, 4695788, 4006889, '2018-02-08', '2018-02-09', '2018-02-01', 'Office'),
(356, 'HJT12360787', 2, 4695415, 4006891, '2018-02-08', '2018-02-09', '2018-02-01', 'Office'),
(357, 'HJT12360887', 2, 4564489, 4089896, '2018-02-07', '2018-02-06', '2018-02-01', 'Office'),
(358, 'HJT12360987', 2, 4695788, 4111236, '2018-02-05', '2018-02-09', '2018-02-01', 'Office'),
(359, 'HJT12361087', 2, 4695415, 4006860, '2018-02-05', '2018-02-05', '2018-02-01', 'Office'),
(360, 'HJT12361187', 2, 4564489, 4006889, '2018-02-09', '2018-02-07', '2018-02-01', 'Office'),
(361, 'HJT12361287', 2, 4695788, 4006891, '2018-02-05', '2018-02-07', '2018-02-01', 'furniture'),
(362, 'HJT12361387', 2, 4695415, 4089896, '2018-02-06', '2018-02-07', '2018-02-01', 'furniture'),
(363, 'HJT12361487', 2, 4564489, 4111236, '2018-02-06', '2018-02-06', '2018-02-01', 'furniture'),
(364, 'HJT12361587', 2, 4695788, 4006860, '2018-02-06', '2018-02-05', '2018-02-01', 'furniture'),
(365, 'HJT12361687', 2, 4695415, 4006889, '2018-02-10', '2018-02-10', '2018-02-01', 'furniture'),
(366, 'HJT12361787', 2, 4564489, 4006891, '2018-02-07', '2018-02-08', '2018-02-01', 'furniture'),
(367, 'HJT12361887', 2, 4695788, 4089896, '2018-02-06', '2018-02-08', '2018-02-01', 'furniture'),
(368, 'HJT12361987', 2, 4695415, 4111236, '2018-02-07', '2018-02-09', '2018-02-01', 'furniture'),
(369, 'HJT12362087', 2, 4564489, 4006860, '2018-02-06', '2018-02-09', '2018-02-01', 'furniture'),
(370, 'HJT12362187', 2, 4695788, 4006889, '2018-02-08', '2018-02-06', '2018-02-01', 'furniture'),
(371, 'HJT12362287', 2, 4695415, 4006891, '2018-02-09', '2018-02-05', '2018-02-01', 'furniture'),
(372, 'HJT12362387', 2, 4564489, 4089896, '2018-02-05', '2018-02-10', '2018-02-01', 'furniture'),
(373, 'HJT12362487', 2, 4695788, 4111236, '2018-02-07', '2018-02-05', '2018-02-01', 'Various'),
(374, 'HJT12362587', 2, 4695415, 4006860, '2018-02-10', '2018-02-05', '2018-02-01', 'Various'),
(375, 'HJT12362687', 2, 4564489, 4006889, '2018-02-08', '2018-02-05', '2018-02-01', 'Various'),
(376, 'HJT12362787', 2, 4695788, 4006891, '2018-02-10', '2018-02-09', '2018-02-01', 'Various'),
(377, 'HJT12362887', 2, 4695415, 4089896, '2018-02-08', '2018-02-07', '2018-02-01', 'Various'),
(378, 'HJT12362987', 2, 4564489, 4111236, '2018-02-08', '2018-02-07', '2018-02-01', 'Various'),
(379, 'HJT12363087', 2, 4695788, 4006860, '2018-02-07', '2018-02-09', '2018-02-01', 'Various'),
(380, 'HJT12363187', 2, 4695415, 4006889, '2018-02-09', '2018-02-06', '2018-02-01', 'Various'),
(381, 'HJT12363287', 2, 4564489, 4006891, '2018-02-06', '2018-02-08', '2018-02-01', 'Various'),
(382, 'HJT12363387', 2, 4695788, 4089896, '2018-02-08', '2018-02-05', '2018-02-01', 'Various'),
(383, 'HJT12363487', 2, 4695415, 4111236, '2018-02-06', '2018-02-07', '2018-02-01', 'Various'),
(384, 'HJT12363587', 2, 4564489, 4006860, '2018-02-05', '2018-02-07', '2018-02-01', 'Various'),
(385, 'HJT12363687', 2, 4695788, 4006889, '2018-02-05', '2018-02-05', '2018-02-01', 'Various'),
(386, 'HJT12363787', 2, 4695415, 4006891, '2018-02-08', '2018-02-10', '2018-02-01', 'Various'),
(387, 'HJT12363887', 2, 4564489, 4089896, '2018-02-08', '2018-02-08', '2018-02-01', 'Various'),
(388, 'HJT12363987', 2, 4695788, 4111236, '2018-02-10', '2018-02-10', '2018-02-01', 'Various'),
(389, 'HJT12364087', 2, 4695415, 4006860, '2018-02-07', '2018-02-05', '2018-02-01', 'Various'),
(390, 'HJT12364187', 2, 4564489, 4006889, '2018-02-08', '2018-02-10', '2018-02-01', 'Various'),
(391, 'HJT12364287', 2, 4695788, 4006891, '2018-02-10', '2018-02-10', '2018-02-01', 'Various'),
(392, 'HJT12364387', 2, 4695415, 4089896, '2018-02-06', '2018-02-06', '2018-02-01', 'Various'),
(393, 'HJT12364487', 2, 4564489, 4111236, '2018-02-09', '2018-02-06', '2018-02-01', 'Various'),
(394, 'HJT12364587', 2, 4695788, 4006860, '2018-02-07', '2018-02-06', '2018-02-01', 'Various'),
(395, 'HJT12364687', 2, 4695415, 4006889, '2018-02-10', '2018-02-07', '2018-02-01', 'Various'),
(396, 'HJT12364787', 2, 4564489, 4006891, '2018-02-07', '2018-02-07', '2018-02-01', 'Various'),
(397, 'HJT12364887', 2, 4695788, 4089896, '2018-02-10', '2018-02-09', '2018-02-01', 'Various'),
(398, 'HJT12364987', 2, 4695415, 4111236, '2018-02-08', '2018-02-08', '2018-02-01', 'Office'),
(399, 'HJT12365087', 2, 4564489, 4006860, '2018-02-08', '2018-02-08', '2018-02-01', 'Office'),
(400, 'HJT12365187', 2, 4695788, 4006889, '2018-02-05', '2018-02-10', '2018-02-01', 'Office'),
(401, 'HJT12365287', 2, 4695415, 4006891, '2018-02-06', '2018-02-10', '2018-02-01', 'Office'),
(402, 'HJT12365387', 2, 4564489, 4089896, '2018-02-05', '2018-02-07', '2018-02-01', 'Office'),
(403, 'HJT12365487', 2, 4695788, 4111236, '2018-02-09', '2018-02-05', '2018-02-01', 'Office'),
(404, 'HJT12365587', 2, 4695415, 4006860, '2018-02-10', '2018-02-07', '2018-02-01', 'Office'),
(405, 'HJT12365687', 2, 4564489, 4006889, '2018-02-10', '2018-02-05', '2018-02-01', 'Office'),
(406, 'HJT12365787', 2, 4695788, 4006891, '2018-02-07', '2018-02-06', '2018-02-01', 'Office'),
(407, 'HJT12365887', 2, 4695415, 4089896, '2018-02-09', '2018-02-09', '2018-02-01', 'Office'),
(408, 'HJT12365987', 2, 4564489, 4111236, '2018-02-06', '2018-02-10', '2018-02-01', 'Office'),
(409, 'HJT12366087', 2, 4695788, 4006860, '2018-02-10', '2018-02-10', '2018-02-01', 'Office'),
(410, 'HJT12366187', 2, 4695415, 4006889, '2018-02-08', '2018-02-07', '2018-02-01', 'furniture'),
(411, 'HJT12366287', 2, 4564489, 4006891, '2018-02-10', '2018-02-10', '2018-02-01', 'furniture'),
(412, 'HJT12366387', 2, 4695788, 4089896, '2018-02-05', '2018-02-09', '2018-02-01', 'furniture'),
(413, 'HJT12366487', 2, 4695415, 4111236, '2018-02-05', '2018-02-09', '2018-02-01', 'furniture'),
(414, 'HJT12366587', 2, 4564489, 4006860, '2018-02-05', '2018-02-06', '2018-02-01', 'furniture'),
(415, 'HJT12366687', 2, 4695788, 4006889, '2018-02-10', '2018-02-10', '2018-02-01', 'furniture'),
(416, 'HJT12366787', 2, 4695415, 4006891, '2018-02-08', '2018-02-08', '2018-02-01', 'furniture'),
(417, 'HJT12366887', 2, 4564489, 4089896, '2018-02-10', '2018-02-10', '2018-02-01', 'furniture'),
(418, 'HJT12366987', 2, 4695788, 4111236, '2018-02-08', '2018-02-08', '2018-02-01', 'furniture'),
(419, 'HJT12367087', 2, 4695415, 4006860, '2018-02-09', '2018-02-08', '2018-02-01', 'furniture'),
(420, 'HJT12367187', 2, 4564489, 4006889, '2018-02-08', '2018-02-08', '2018-02-01', 'furniture'),
(421, 'HJT12367287', 2, 4695788, 4006891, '2018-02-08', '2018-02-09', '2018-02-01', 'furniture'),
(422, 'HJT12367387', 2, 4695415, 4089896, '2018-02-09', '2018-02-08', '2018-02-01', 'Various'),
(423, 'HJT12367487', 2, 4564489, 4111236, '2018-02-09', '2018-02-07', '2018-02-01', 'Various'),
(424, 'HJT12367587', 2, 4695788, 4006860, '2018-02-08', '2018-02-08', '2018-02-01', 'Various'),
(425, 'HJT12367687', 2, 4695415, 4006889, '2018-02-06', '2018-02-07', '2018-02-01', 'Various'),
(426, 'HJT12367787', 2, 4564489, 4006891, '2018-02-07', '2018-02-08', '2018-02-01', 'Various'),
(427, 'HJT12367887', 2, 4695788, 4089896, '2018-02-05', '2018-02-10', '2018-02-01', 'Various'),
(428, 'HJT12367987', 2, 4695415, 4111236, '2018-02-06', '2018-02-09', '2018-02-01', 'Various'),
(429, 'HJT12368087', 2, 4564489, 4006860, '2018-02-10', '2018-02-09', '2018-02-01', 'Various'),
(430, 'HJT12368187', 2, 4695788, 4006889, '2018-02-07', '2018-02-10', '2018-02-01', 'Various'),
(431, 'HJT12368287', 2, 4695415, 4006891, '2018-02-06', '2018-02-07', '2018-02-01', 'Various'),
(432, 'HJT12368387', 2, 4564489, 4089896, '2018-02-08', '2018-02-09', '2018-02-01', 'Various'),
(433, 'HJT12368487', 2, 4695788, 4111236, '2018-02-07', '2018-02-06', '2018-02-01', 'Various'),
(434, 'HJT12368587', 2, 4695415, 4006860, '2018-02-06', '2018-02-10', '2018-02-01', 'Various'),
(435, 'HJT12368687', 2, 4564489, 4006889, '2018-02-08', '2018-02-07', '2018-02-01', 'Various'),
(436, 'HJT12368787', 2, 4695788, 4006891, '2018-02-07', '2018-02-09', '2018-02-01', 'Various'),
(437, 'HJT12368887', 2, 4695415, 4089896, '2018-02-10', '2018-02-07', '2018-02-01', 'Various'),
(438, 'HJT12368987', 2, 4564489, 4111236, '2018-02-05', '2018-02-06', '2018-02-01', 'Various'),
(439, 'HJT12369087', 2, 4695788, 4006860, '2018-02-09', '2018-02-07', '2018-02-01', 'Various'),
(440, 'HJT12369187', 2, 4695415, 4006889, '2018-02-08', '2018-02-08', '2018-02-01', 'Various'),
(441, 'HJT12369287', 2, 4564489, 4006891, '2018-02-08', '2018-02-09', '2018-02-01', 'Various'),
(442, 'HJT12369387', 2, 4695788, 4089896, '2018-02-10', '2018-02-09', '2018-02-01', 'Various'),
(443, 'HJT12369487', 2, 4695415, 4111236, '2018-02-05', '2018-02-05', '2018-02-01', 'Various'),
(444, 'HJT12369587', 2, 4564489, 4006860, '2018-02-05', '2018-02-05', '2018-02-01', 'Various'),
(445, 'HJT12369687', 2, 4695788, 4006889, '2018-02-09', '2018-02-07', '2018-02-01', 'Various'),
(446, 'HJT12369787', 2, 4695415, 4006891, '2018-02-09', '2018-02-05', '2018-02-01', 'Office'),
(447, 'HJT12369887', 2, 4564489, 4089896, '2018-02-05', '2018-02-07', '2018-02-01', 'Office'),
(448, 'HJT12369987', 2, 4695788, 4111236, '2018-02-05', '2018-02-10', '2018-02-01', 'Office'),
(449, 'HJT12370087', 2, 4695415, 4006860, '2018-02-05', '2018-02-07', '2018-02-01', 'Office'),
(450, 'HJT12370187', 2, 4564489, 4006889, '2018-02-05', '2018-02-10', '2018-02-01', 'Office'),
(451, 'HJT12370287', 2, 4695788, 4006891, '2018-02-08', '2018-02-07', '2018-02-01', 'Office'),
(452, 'HJT12370387', 2, 4695415, 4089896, '2018-02-05', '2018-02-10', '2018-02-01', 'Office'),
(453, 'HJT12370487', 2, 4564489, 4564489, '2018-02-05', '2018-02-07', '2018-02-01', 'Office'),
(454, 'HJT12370587', 2, 4695788, 4695788, '2018-02-08', '2018-02-06', '2018-02-01', 'Office'),
(455, 'HJT12370687', 2, 4695415, 4695415, '2018-02-10', '2018-02-09', '2018-02-01', 'Office'),
(456, 'HJT12370787', 2, 4564489, 4006860, '2018-02-05', '2018-02-08', '2018-02-01', 'Office'),
(457, 'HJT12370887', 2, 4695788, 4006889, '2018-02-08', '2018-02-09', '2018-02-01', 'Office'),
(458, 'HJT12370987', 2, 4695415, 4006891, '2018-02-10', '2018-02-07', '2018-02-01', 'furniture'),
(459, 'HJT12371087', 2, 4564489, 4089896, '2018-02-10', '2018-02-08', '2018-02-01', 'furniture'),
(460, 'HJT12371187', 2, 4695788, 4111236, '2018-02-06', '2018-02-05', '2018-02-01', 'furniture'),
(461, 'HJT12371287', 2, 4695415, 4006860, '2018-02-08', '2018-02-08', '2018-02-01', 'furniture'),
(462, 'HJT12371387', 2, 4564489, 4006889, '2018-02-07', '2018-02-08', '2018-02-01', 'furniture'),
(463, 'HJT12371487', 2, 4695788, 4006891, '2018-02-09', '2018-02-09', '2018-02-01', 'furniture'),
(464, 'HJT12371587', 2, 4695415, 4089896, '2018-02-05', '2018-02-07', '2018-02-01', 'furniture'),
(465, 'HJT12371687', 2, 4564489, 4111236, '2018-02-10', '2018-02-05', '2018-02-01', 'furniture'),
(466, 'HJT12371787', 2, 4695788, 4006860, '2018-02-07', '2018-02-05', '2018-02-01', 'furniture'),
(467, 'HJT12371887', 2, 4695415, 4006889, '2018-02-10', '2018-02-09', '2018-02-01', 'furniture'),
(468, 'HJT12371987', 2, 4564489, 4006891, '2018-02-10', '2018-02-10', '2018-02-01', 'furniture'),
(469, 'HJT12372087', 2, 4695788, 4089896, '2018-02-07', '2018-02-09', '2018-02-01', 'furniture'),
(470, 'HJT12372187', 2, 4695415, 4111236, '2018-02-08', '2018-02-10', '2018-02-01', 'Various'),
(471, 'HJT12372287', 2, 4564489, 4006860, '2018-02-09', '2018-02-09', '2018-02-01', 'Various'),
(472, 'HJT12372387', 2, 4695788, 4006889, '2018-02-10', '2018-02-10', '2018-02-01', 'Various'),
(473, 'HJT12372487', 2, 4695415, 4006891, '2018-02-09', '2018-02-07', '2018-02-01', 'Various'),
(474, 'HJT12372587', 2, 4564489, 4089896, '2018-02-10', '2018-02-06', '2018-02-01', 'Various'),
(475, 'HJT12372687', 2, 4695788, 4111236, '2018-02-05', '2018-02-10', '2018-02-01', 'Various'),
(476, 'HJT12372787', 2, 4695415, 4006860, '2018-02-10', '2018-02-09', '2018-02-01', 'Various'),
(477, 'HJT12372887', 2, 4564489, 4006889, '2018-02-09', '2018-02-06', '2018-02-01', 'Various'),
(478, 'HJT12372987', 2, 4695788, 4006891, '2018-02-10', '2018-02-06', '2018-02-01', 'Various'),
(479, 'HJT12373087', 2, 4695415, 4089896, '2018-02-08', '2018-02-06', '2018-02-01', 'Various'),
(480, 'HJT12373187', 2, 4564489, 4111236, '2018-02-06', '2018-02-05', '2018-02-01', 'Various'),
(481, 'HJT12373287', 2, 4695788, 4006860, '2018-02-06', '2018-02-09', '2018-02-01', 'Various'),
(482, 'HJT12373387', 2, 4695415, 4006889, '2018-02-05', '2018-02-05', '2018-02-01', 'Various'),
(483, 'HJT12373487', 2, 4564489, 4006891, '2018-02-05', '2018-02-05', '2018-02-01', 'Various'),
(484, 'HJT12373587', 2, 4695788, 4089896, '2018-02-10', '2018-02-10', '2018-02-01', 'Various'),
(485, 'HJT12373687', 2, 4695415, 4111236, '2018-02-08', '2018-02-05', '2018-02-01', 'Various'),
(486, 'HJT12373787', 2, 4564489, 4006860, '2018-02-09', '2018-02-08', '2018-02-01', 'Various'),
(487, 'HJT12373887', 2, 4695788, 4006889, '2018-02-10', '2018-02-06', '2018-02-01', 'Various'),
(488, 'HJT12373987', 2, 4695415, 4006891, '2018-02-09', '2018-02-05', '2018-02-01', 'Various'),
(489, 'HJT12374087', 2, 4564489, 4089896, '2018-02-09', '2018-02-08', '2018-02-01', 'Various'),
(490, 'HJT12374187', 2, 4695788, 4111236, '2018-02-08', '2018-02-05', '2018-02-01', 'Various'),
(491, 'HJT12374287', 2, 4695415, 4006860, '2018-02-09', '2018-02-05', '2018-02-01', 'Various'),
(492, 'HJT12374387', 2, 4564489, 4006889, '2018-02-06', '2018-02-08', '2018-02-01', 'Various'),
(493, 'HJT12374487', 2, 4695788, 5006896, '2018-02-05', '2018-02-26', '2018-02-01', 'Various'),
(494, 'HJT12374587', 2, 4695415, 5006897, '2018-02-06', '2018-02-26', '2018-02-01', 'Office'),
(495, 'HJT12374687', 2, 4564489, 5006898, '2018-02-09', '2018-02-27', '2018-02-01', 'Office'),
(496, 'HJT12374787', 2, 4695788, 5089965, '2018-02-06', '2018-02-23', '2018-02-01', 'Office'),
(497, 'HJT12374887', 2, 4695415, 5006896, '2018-02-05', '2018-02-20', '2018-02-01', 'Office'),
(498, 'HJT12374987', 2, 4564489, 5006897, '2018-02-09', '2018-02-22', '2018-02-01', 'Office'),
(499, 'HJT12375087', 2, 4695788, 5006898, '2018-02-08', '2018-02-21', '2018-02-01', 'Office'),
(500, 'HJT12375187', 2, 4695415, 5089965, '2018-02-07', '2018-02-20', '2018-02-01', 'Office'),
(501, 'HJT12375287', 2, 4564489, 5006896, '2018-02-06', '2018-02-25', '2018-02-01', 'Office'),
(502, 'HJT12375387', 2, 4695788, 5006897, '2018-02-06', '2018-02-28', '2018-02-01', 'Office'),
(503, 'HJT12375487', 2, 4695415, 5006898, '2018-02-07', '2018-02-21', '2018-02-01', 'Office'),
(504, 'HJT12375587', 2, 4564489, 5089965, '2018-02-08', '2018-02-23', '2018-02-01', 'Office'),
(505, 'HJT12375687', 2, 4695788, 5006896, '2018-02-06', '2018-02-23', '2018-02-01', 'Office'),
(506, 'HJT12375787', 2, 4695415, 5006897, '2018-02-07', '2018-02-24', '2018-02-01', 'furniture'),
(507, 'HJT12375887', 2, 4564489, 5006898, '2018-02-09', '2018-02-24', '2018-02-01', 'furniture'),
(508, 'HJT12375987', 2, 4695788, 5089965, '2018-02-07', '2018-02-26', '2018-02-01', 'furniture'),
(509, 'HJT12376087', 2, 4695415, 5006896, '2018-02-10', '2018-02-27', '2018-02-01', 'furniture'),
(510, 'HJT12376187', 2, 4564489, 5006897, '2018-02-05', '2018-02-21', '2018-02-01', 'furniture'),
(511, 'HJT12376287', 2, 4695788, 5006898, '2018-02-05', '2018-02-26', '2018-02-01', 'furniture'),
(512, 'HJT12376387', 2, 4695415, 5089965, '2018-02-08', '2018-02-28', '2018-02-01', 'furniture'),
(513, 'HJT12376487', 2, 4564489, 5006896, '2018-02-07', '2018-02-26', '2018-02-01', 'furniture'),
(514, 'HJT12376587', 2, 4695788, 5006897, '2018-02-08', '2018-02-28', '2018-02-01', 'furniture'),
(515, 'HJT12376687', 2, 4695415, 5006898, '2018-02-05', '2018-02-21', '2018-02-01', 'furniture'),
(516, 'HJT12376787', 2, 4564489, 5089965, '2018-02-10', '2018-02-22', '2018-02-01', 'furniture'),
(517, 'HJT12376887', 2, 4695788, 5006896, '2018-02-09', '2018-02-21', '2018-02-01', 'furniture'),
(518, 'HJT12376987', 2, 4695415, 5006897, '2018-02-10', '2018-02-20', '2018-02-01', 'Various'),
(519, 'HJT12377087', 2, 4564489, 5006898, '2018-02-09', '2018-02-25', '2018-02-01', 'Various'),
(520, 'HJT12377187', 2, 4695788, 5089965, '2018-02-05', '2018-02-21', '2018-02-01', 'Various'),
(521, 'HJT12377287', 2, 4695415, 5006896, '2018-02-08', '2018-02-21', '2018-02-01', 'Various'),
(522, 'HJT12377387', 2, 4564489, 5006897, '2018-02-06', '2018-02-28', '2018-02-01', 'Various'),
(523, 'HJT12377487', 2, 4695788, 5006898, '2018-02-09', '2018-02-24', '2018-02-01', 'Various'),
(524, 'HJT12377587', 2, 4695415, 5089965, '2018-02-09', '2018-02-27', '2018-02-01', 'Various'),
(525, 'HJT12377687', 2, 4564489, 5006896, '2018-02-05', '2018-02-27', '2018-02-01', 'Various'),
(526, 'HJT12377787', 2, 4695788, 5006897, '2018-02-10', '2018-02-27', '2018-02-01', 'Various'),
(527, 'HJT12377887', 2, 4695415, 5006898, '2018-02-07', '2018-02-22', '2018-02-01', 'Various'),
(528, 'HJT12377987', 2, 4564489, 5089965, '2018-02-06', '2018-02-25', '2018-02-01', 'Various'),
(529, 'HJT12378087', 2, 4695788, 5006896, '2018-02-07', '2018-02-21', '2018-02-01', 'Various'),
(530, 'HJT12378187', 2, 4695415, 5006897, '2018-02-07', '2018-02-20', '2018-02-01', 'Various'),
(531, 'HJT12378287', 2, 4564489, 5006898, '2018-02-10', '2018-02-23', '2018-02-01', 'Various'),
(532, 'HJT12378387', 2, 4695788, 5089965, '2018-02-05', '2018-02-23', '2018-02-01', 'Various'),
(533, 'HJT12378487', 2, 4695415, 5006896, '2018-02-05', '2018-02-20', '2018-02-01', 'Various'),
(534, 'HJT12378587', 2, 4564489, 5006897, '2018-02-10', '2018-02-22', '2018-02-01', 'Various');
INSERT INTO `order_shipment` (`id_order`, `tracking`, `status`, `id_vendor`, `id_client`, `expected_date`, `delivered_date`, `creation_register_date`, `Content`) VALUES
(535, 'HJT12378687', 2, 4695788, 5006898, '2018-02-08', '2018-02-26', '2018-02-01', 'Various'),
(536, 'HJT12378787', 2, 4695415, 5089965, '2018-02-05', '2018-02-25', '2018-02-01', 'Various'),
(537, 'HJT12378887', 2, 4564489, 5006896, '2018-02-05', '2018-02-21', '2018-02-01', 'Various'),
(538, 'HJT12378987', 2, 4695788, 5006897, '2018-02-09', '2018-02-21', '2018-02-01', 'Various'),
(539, 'HJT12379087', 2, 4695415, 5006898, '2018-02-06', '2018-02-27', '2018-02-01', 'Various'),
(540, 'HJT12379187', 2, 4564489, 5089965, '2018-02-06', '2018-02-25', '2018-02-01', 'Various'),
(541, 'HJT12379287', 2, 4695788, 5006896, '2018-02-08', '2018-02-20', '2018-02-01', 'Various'),
(542, 'HJT12379387', 2, 4695415, 5006897, '2018-02-10', '2018-02-28', '2018-02-01', 'Office'),
(543, 'HJT12379487', 2, 4564489, 5006898, '2018-02-07', '2018-02-27', '2018-02-01', 'Office'),
(544, 'HJT12379587', 2, 4695788, 5089965, '2018-02-08', '2018-02-25', '2018-02-01', 'Office'),
(545, 'HJT12379687', 2, 4695415, 5006896, '2018-02-06', '2018-02-27', '2018-02-01', 'Office'),
(546, 'HJT12379787', 2, 4564489, 5006897, '2018-02-09', '2018-02-20', '2018-02-01', 'Office'),
(547, 'HJT12379887', 2, 4695788, 5006898, '2018-02-09', '2018-02-23', '2018-02-01', 'Office'),
(548, 'HJT12379987', 2, 4695415, 5089965, '2018-02-07', '2018-02-26', '2018-02-01', 'Office'),
(549, 'HJT12380087', 2, 4564489, 5006896, '2018-02-05', '2018-02-26', '2018-02-01', 'Office'),
(550, 'HJT12380187', 2, 4695788, 5006897, '2018-02-06', '2018-02-24', '2018-02-01', 'Office'),
(551, 'HJT12380287', 2, 4695415, 5006898, '2018-02-10', '2018-02-24', '2018-02-01', 'Office'),
(552, 'HJT12380387', 2, 4564489, 5089965, '2018-02-05', '2018-02-26', '2018-02-01', 'Office'),
(553, 'HJT12380487', 2, 4695788, 5006896, '2018-02-07', '2018-02-26', '2018-02-01', 'Office'),
(554, 'HJT12380587', 2, 4695415, 5006897, '2018-02-05', '2018-02-20', '2018-02-01', 'furniture'),
(555, 'HJT12380687', 2, 4564489, 5006898, '2018-02-06', '2018-02-20', '2018-02-01', 'furniture'),
(556, 'HJT12380787', 2, 4695788, 5089965, '2018-02-06', '2018-02-25', '2018-02-01', 'furniture'),
(557, 'HJT12380887', 2, 4695415, 5006896, '2018-02-07', '2018-02-23', '2018-02-01', 'furniture'),
(558, 'HJT12380987', 2, 4564489, 5006897, '2018-02-06', '2018-02-28', '2018-02-01', 'furniture'),
(559, 'HJT12381087', 2, 4695788, 5006898, '2018-02-06', '2018-02-26', '2018-02-01', 'furniture'),
(560, 'HJT12381187', 2, 4695415, 5089965, '2018-02-05', '2018-02-24', '2018-02-01', 'furniture'),
(561, 'HJT12381287', 2, 4564489, 5006896, '2018-02-10', '2018-02-21', '2018-02-01', 'furniture'),
(562, 'HJT12381387', 2, 4695788, 5006897, '2018-02-09', '2018-02-27', '2018-02-01', 'furniture'),
(563, 'HJT12381487', 2, 4695415, 5006898, '2018-02-10', '2018-02-20', '2018-02-01', 'furniture'),
(564, 'HJT12381587', 2, 4564489, 5089965, '2018-02-07', '2018-02-27', '2018-02-01', 'furniture'),
(565, 'HJT12381687', 2, 4695788, 5006896, '2018-02-07', '2018-02-22', '2018-02-01', 'furniture'),
(566, 'HJT12381787', 2, 4695415, 5006897, '2018-02-07', '2018-02-27', '2018-02-01', 'Various'),
(567, 'HJT12381887', 2, 4564489, 5006898, '2018-02-07', '2018-02-23', '2018-02-01', 'Various'),
(568, 'HJT12381987', 2, 4695788, 5089965, '2018-02-05', '2018-02-23', '2018-02-01', 'Various'),
(569, 'HJT12382087', 2, 4695415, 5006896, '2018-02-08', '2018-02-27', '2018-02-01', 'Various'),
(570, 'HJT12382187', 2, 4564489, 5006897, '2018-02-07', '2018-02-21', '2018-02-01', 'Various'),
(571, 'HJT12382287', 2, 4695788, 5006898, '2018-02-06', '2018-02-27', '2018-02-01', 'Various'),
(572, 'HJT12382387', 2, 4695415, 5089965, '2018-02-05', '2018-02-23', '2018-02-01', 'Various'),
(573, 'HJT12382487', 2, 4564489, 5006896, '2018-02-06', '2018-02-27', '2018-02-01', 'Various'),
(574, 'HJT12382587', 2, 4695788, 5006897, '2018-02-08', '2018-02-20', '2018-02-01', 'Various'),
(575, 'HJT12382687', 2, 4695415, 5006898, '2018-02-09', '2018-02-20', '2018-02-01', 'Various'),
(576, 'HJT12382787', 2, 4564489, 5089965, '2018-02-05', '2018-02-28', '2018-02-01', 'Various'),
(577, 'HJT12382887', 2, 4695788, 5006896, '2018-02-06', '2018-02-21', '2018-02-01', 'Various'),
(578, 'HJT12382987', 2, 4695415, 5006897, '2018-02-09', '2018-02-25', '2018-02-01', 'Various'),
(579, 'HJT12383087', 2, 4564489, 5006898, '2018-02-06', '2018-02-24', '2018-02-01', 'Various'),
(580, 'HJT12383187', 2, 4695788, 5089965, '2018-02-09', '2018-02-26', '2018-02-01', 'Various'),
(581, 'HJT12383287', 2, 4695415, 5006896, '2018-02-08', '2018-02-25', '2018-02-01', 'Various'),
(582, 'HJT12383387', 2, 4564489, 5006897, '2018-02-08', '2018-02-28', '2018-02-01', 'Various'),
(583, 'HJT12383487', 2, 4695788, 5006898, '2018-02-10', '2018-02-27', '2018-02-01', 'Various'),
(584, 'HJT12383587', 2, 4695415, 5089965, '2018-02-05', '2018-02-22', '2018-02-01', 'Various'),
(585, 'HJT12383687', 2, 4564489, 5006896, '2018-02-08', '2018-02-23', '2018-02-01', 'Various'),
(586, 'HJT12383787', 2, 4695788, 5006897, '2018-02-05', '2018-02-28', '2018-02-01', 'Various'),
(587, 'HJT12383887', 2, 4695415, 5006898, '2018-02-06', '2018-02-26', '2018-02-01', 'Various'),
(588, 'HJT12383987', 2, 4564489, 5089965, '2018-02-06', '2018-02-26', '2018-02-01', 'Various'),
(589, 'HJT12384087', 2, 4695788, 5006896, '2018-02-08', '2018-02-24', '2018-02-01', 'Various'),
(590, 'HJT12384187', 2, 4695415, 5006897, '2018-02-09', '2018-02-23', '2018-02-01', 'Office'),
(591, 'HJT12384287', 2, 4564489, 5006898, '2018-02-06', '2018-02-20', '2018-02-01', 'Office'),
(592, 'HJT12384387', 2, 4695788, 5089965, '2018-02-06', '2018-02-21', '2018-02-01', 'Office'),
(593, 'HJT12384487', 2, 4695415, 5006896, '2018-02-10', '2018-02-26', '2018-02-01', 'Office'),
(594, 'HJT12384587', 2, 4564489, 5006897, '2018-02-09', '2018-02-26', '2018-02-01', 'Office'),
(595, 'HJT12384687', 2, 4695788, 5006898, '2018-02-07', '2018-02-21', '2018-02-01', 'Office'),
(596, 'HJT12384787', 2, 4695415, 5089965, '2018-02-05', '2018-02-24', '2018-02-01', 'Office'),
(597, 'HJT12384887', 2, 4564489, 5006896, '2018-02-07', '2018-02-26', '2018-02-01', 'Office'),
(598, 'HJT12384987', 2, 4695788, 5006897, '2018-02-09', '2018-02-28', '2018-02-01', 'Office'),
(599, 'HJT12385087', 2, 4695415, 5006898, '2018-02-05', '2018-02-24', '2018-02-01', 'Office'),
(600, 'HJT12385187', 2, 4564489, 5089965, '2018-02-10', '2018-02-22', '2018-02-01', 'Office'),
(601, 'HJT12385287', 2, 4695788, 5006896, '2018-02-09', '2018-02-23', '2018-02-01', 'Office'),
(602, 'HJT12385387', 2, 4695415, 5006897, '2018-02-07', '2018-02-27', '2018-02-01', 'furniture'),
(603, 'HJT12385487', 2, 4564489, 5006898, '2018-02-10', '2018-02-27', '2018-02-01', 'furniture'),
(604, 'HJT12385587', 2, 4695788, 5089965, '2018-02-05', '2018-02-23', '2018-02-01', 'furniture'),
(605, 'HJT12385687', 2, 4695415, 5006896, '2018-02-05', '2018-02-26', '2018-02-01', 'furniture'),
(606, 'HJT12385787', 2, 4564489, 5006897, '2018-02-09', '2018-02-27', '2018-02-01', 'furniture'),
(607, 'HJT12385887', 2, 4695788, 5006898, '2018-02-05', '2018-02-22', '2018-02-01', 'furniture'),
(608, 'HJT12385987', 2, 4695415, 5089965, '2018-02-09', '2018-02-22', '2018-02-01', 'furniture'),
(609, 'HJT12386087', 2, 4564489, 5006896, '2018-02-10', '2018-02-24', '2018-02-01', 'furniture'),
(610, 'HJT12386187', 2, 4695788, 5006897, '2018-02-10', '2018-02-21', '2018-02-01', 'furniture'),
(611, 'HJT12386287', 2, 4695415, 5006898, '2018-02-05', '2018-02-21', '2018-02-01', 'furniture'),
(612, 'HJT12386387', 2, 4564489, 5089965, '2018-02-09', '2018-02-24', '2018-02-01', 'furniture'),
(613, 'HJT12386487', 2, 4695788, 5006896, '2018-02-09', '2018-02-20', '2018-02-01', 'furniture'),
(614, 'HJT12386587', 2, 4695415, 5006897, '2018-02-08', '2018-02-27', '2018-02-01', 'Various'),
(615, 'HJT12386687', 2, 4564489, 5006898, '2018-02-05', '2018-02-21', '2018-02-01', 'Various'),
(616, 'HJT12386787', 2, 4695788, 5089965, '2018-02-09', '2018-02-28', '2018-02-01', 'Various'),
(617, 'HJT12386887', 2, 4695415, 5006896, '2018-02-06', '2018-02-25', '2018-02-01', 'Various'),
(618, 'HJT12386987', 2, 4564489, 5006897, '2018-02-05', '2018-02-20', '2018-02-01', 'Various'),
(619, 'HJT12387087', 2, 4695788, 5006898, '2018-02-08', '2018-02-21', '2018-02-01', 'Various'),
(620, 'HJT12387187', 2, 4695415, 5089965, '2018-02-05', '2018-02-23', '2018-02-01', 'Various'),
(621, 'HJT12387287', 2, 4564489, 5006896, '2018-02-09', '2018-02-23', '2018-02-01', 'Various'),
(622, 'HJT12387387', 2, 4695788, 5006897, '2018-02-07', '2018-02-23', '2018-02-01', 'Various'),
(623, 'HJT12387487', 2, 4695415, 5006898, '2018-02-06', '2018-02-20', '2018-02-01', 'Various'),
(624, 'HJT12387587', 2, 4564489, 5089965, '2018-02-08', '2018-02-28', '2018-02-01', 'Various'),
(625, 'HJT12387687', 2, 4695788, 5006896, '2018-02-05', '2018-02-28', '2018-02-01', 'Various'),
(626, 'HJT12387787', 2, 4695415, 5006897, '2018-02-06', '2018-02-25', '2018-02-01', 'Various'),
(627, 'HJT12387887', 2, 4564489, 5006898, '2018-02-09', '2018-02-22', '2018-02-01', 'Various'),
(628, 'HJT12387987', 2, 4695788, 5089965, '2018-02-10', '2018-02-23', '2018-02-01', 'Various'),
(629, 'HJT12388087', 2, 4695415, 5006896, '2018-02-06', '2018-02-25', '2018-02-01', 'Various'),
(630, 'HJT12388187', 2, 4564489, 5006897, '2018-02-06', '2018-02-25', '2018-02-01', 'Various'),
(631, 'HJT12388287', 2, 4695788, 5006898, '2018-02-09', '2018-02-22', '2018-02-01', 'Various'),
(632, 'HJT12388387', 2, 4695415, 5089965, '2018-02-09', '2018-02-27', '2018-02-01', 'Various'),
(633, 'HJT12388487', 2, 4564489, 5006896, '2018-02-10', '2018-02-26', '2018-02-01', 'Various'),
(634, 'HJT12388587', 2, 4695788, 5006897, '2018-02-05', '2018-02-25', '2018-02-01', 'Various'),
(635, 'HJT12388687', 2, 4695415, 5006898, '2018-02-06', '2018-02-22', '2018-02-01', 'Various'),
(636, 'HJT12388787', 2, 4564489, 5089965, '2018-02-09', '2018-02-20', '2018-02-01', 'Various'),
(637, 'HJT12388887', 2, 4695788, 5006896, '2018-02-06', '2018-02-27', '2018-02-01', 'Various'),
(638, 'HJT12388987', 2, 4695415, 5006897, '2018-02-09', '2018-02-22', '2018-02-01', 'Office'),
(639, 'HJT12389087', 2, 4564489, 5006898, '2018-02-05', '2018-02-25', '2018-02-01', 'Office'),
(640, 'HJT12389187', 2, 4695788, 5089965, '2018-02-09', '2018-02-20', '2018-02-01', 'Office'),
(641, 'HJT12389287', 2, 4695415, 5006896, '2018-02-10', '2018-02-21', '2018-02-01', 'Office'),
(642, 'HJT12389387', 2, 4564489, 5006897, '2018-02-06', '2018-02-27', '2018-02-01', 'Office'),
(643, 'HJT12389487', 2, 4564489, 9002456, '2018-02-18', '2018-02-14', '2018-02-01', 'Office'),
(644, 'HJT12389587', 2, 4695788, 9006856, '2018-02-21', '2018-02-20', '2018-02-01', 'Office'),
(645, 'HJT12389687', 2, 4695415, 9006893, '2018-02-17', '2018-02-14', '2018-02-01', 'Office'),
(646, 'HJT12389787', 2, 4564489, 9006894, '2018-02-13', '2018-02-21', '2018-02-01', 'Office'),
(647, 'HJT12389887', 2, 4695788, 9006895, '2018-02-15', '2018-02-12', '2018-02-01', 'Office'),
(648, 'HJT12389987', 2, 4695415, 9002456, '2018-02-13', '2018-02-12', '2018-02-01', 'Office'),
(649, 'HJT12390087', 2, 4564489, 9006856, '2018-02-15', '2018-02-18', '2018-02-01', 'Office'),
(650, 'HJT12390187', 2, 4695788, 9006893, '2018-02-16', '2018-02-17', '2018-02-01', 'furniture'),
(651, 'HJT12390287', 2, 4695415, 9006894, '2018-02-19', '2018-02-13', '2018-02-01', 'furniture'),
(652, 'HJT12390387', 2, 4564489, 9006895, '2018-02-13', '2018-02-19', '2018-02-01', 'furniture'),
(653, 'HJT12390487', 2, 4695788, 9002456, '2018-02-14', '2018-02-17', '2018-02-01', 'furniture'),
(654, 'HJT12390587', 2, 4695415, 9006856, '2018-02-16', '2018-02-18', '2018-02-01', 'furniture'),
(655, 'HJT12390687', 2, 4564489, 9006893, '2018-02-20', '2018-02-16', '2018-02-01', 'furniture'),
(656, 'HJT12390787', 2, 4695788, 9006894, '2018-02-18', '2018-02-13', '2018-02-01', 'furniture'),
(657, 'HJT12390887', 2, 4695415, 9006895, '2018-02-18', '2018-02-17', '2018-02-01', 'furniture'),
(658, 'HJT12390987', 2, 4564489, 9002456, '2018-02-16', '2018-02-11', '2018-02-01', 'furniture'),
(659, 'HJT12391087', 2, 4695788, 9006856, '2018-02-13', '2018-02-12', '2018-02-01', 'furniture'),
(660, 'HJT12391187', 2, 4695415, 9006893, '2018-02-16', '2018-02-10', '2018-02-01', 'furniture'),
(661, 'HJT12391287', 2, 4564489, 9006894, '2018-02-20', '2018-02-14', '2018-02-01', 'furniture'),
(662, 'HJT12391387', 2, 4695788, 9006895, '2018-02-21', '2018-02-17', '2018-02-01', 'Various'),
(663, 'HJT12391487', 2, 4695415, 9002456, '2018-02-13', '2018-02-11', '2018-02-01', 'Various'),
(664, 'HJT12391587', 2, 4564489, 9006856, '2018-02-11', '2018-02-16', '2018-02-01', 'Various'),
(665, 'HJT12391687', 2, 4695788, 9006893, '2018-02-17', '2018-02-12', '2018-02-01', 'Various'),
(666, 'HJT12391787', 2, 4695415, 9006894, '2018-02-20', '2018-02-21', '2018-02-01', 'Various'),
(667, 'HJT12391887', 2, 4564489, 9006895, '2018-02-11', '2018-02-16', '2018-02-01', 'Various'),
(668, 'HJT12391987', 2, 4695788, 9002456, '2018-02-11', '2018-02-19', '2018-02-01', 'Various'),
(669, 'HJT12392087', 2, 4695415, 9006856, '2018-02-16', '2018-02-14', '2018-02-01', 'Various'),
(670, 'HJT12392187', 2, 4564489, 9006893, '2018-02-15', '2018-02-11', '2018-02-01', 'Various'),
(671, 'HJT12392287', 2, 4695788, 9006894, '2018-02-18', '2018-02-11', '2018-02-01', 'Various'),
(672, 'HJT12392387', 2, 4695415, 9006895, '2018-02-18', '2018-02-17', '2018-02-01', 'Various'),
(673, 'HJT12392487', 2, 4564489, 9002456, '2018-02-15', '2018-02-15', '2018-02-01', 'Various'),
(674, 'HJT12392587', 2, 4695788, 9006856, '2018-02-11', '2018-02-18', '2018-02-01', 'Various'),
(675, 'HJT12392687', 2, 4695415, 9006893, '2018-02-21', '2018-02-13', '2018-02-01', 'Various'),
(676, 'HJT12392787', 2, 4564489, 9006894, '2018-02-16', '2018-02-18', '2018-02-01', 'Various'),
(677, 'HJT12392887', 2, 4695788, 9006895, '2018-02-12', '2018-02-17', '2018-02-01', 'Various'),
(678, 'HJT12392987', 2, 4695415, 9002456, '2018-02-18', '2018-02-14', '2018-02-01', 'Various'),
(679, 'HJT12393087', 2, 4564489, 9006856, '2018-02-18', '2018-02-10', '2018-02-01', 'Various'),
(680, 'HJT12393187', 2, 4695788, 9006893, '2018-02-15', '2018-02-16', '2018-02-01', 'Various'),
(681, 'HJT12393287', 2, 4695415, 9006894, '2018-02-11', '2018-02-17', '2018-02-01', 'Various'),
(682, 'HJT12393387', 2, 4564489, 9006895, '2018-02-13', '2018-02-11', '2018-02-01', 'Various'),
(683, 'HJT12393487', 2, 4695788, 9002456, '2018-02-18', '2018-02-11', '2018-02-01', 'Various'),
(684, 'HJT12393587', 2, 4695415, 9006856, '2018-02-18', '2018-02-10', '2018-02-01', 'Various'),
(685, 'HJT12393687', 2, 4564489, 9006893, '2018-02-17', '2018-02-11', '2018-02-01', 'Various'),
(686, 'HJT12393787', 2, 4695788, 9006894, '2018-02-19', '2018-02-18', '2018-02-01', 'Office'),
(687, 'HJT12393887', 2, 4695415, 9006895, '2018-02-21', '2018-02-20', '2018-02-01', 'Office'),
(688, 'HJT12393987', 2, 4564489, 9002456, '2018-02-14', '2018-02-21', '2018-02-01', 'Office'),
(689, 'HJT12394087', 2, 4695788, 9006856, '2018-02-13', '2018-02-13', '2018-02-01', 'Office'),
(690, 'HJT12394187', 2, 4695415, 9006893, '2018-02-10', '2018-02-12', '2018-02-01', 'Office'),
(691, 'HJT12394287', 2, 4564489, 9006894, '2018-02-15', '2018-02-21', '2018-02-01', 'Office'),
(692, 'HJT12394387', 2, 4695788, 9006895, '2018-02-17', '2018-02-17', '2018-02-01', 'Office'),
(693, 'HJT12394487', 2, 4695415, 9002456, '2018-02-15', '2018-02-19', '2018-02-01', 'Office'),
(694, 'HJT12394587', 2, 4564489, 9006856, '2018-02-20', '2018-02-12', '2018-02-01', 'Office'),
(695, 'HJT12394687', 2, 4695788, 9006893, '2018-02-19', '2018-02-16', '2018-02-01', 'Office'),
(696, 'HJT12394787', 2, 4695415, 9006894, '2018-02-14', '2018-02-14', '2018-02-01', 'Office'),
(697, 'HJT12394887', 2, 4564489, 9006895, '2018-02-11', '2018-02-10', '2018-02-01', 'Office'),
(698, 'HJT12394987', 2, 4695788, 9002456, '2018-02-18', '2018-02-14', '2018-02-01', 'furniture'),
(699, 'HJT12395087', 2, 4695415, 9006856, '2018-02-10', '2018-02-21', '2018-02-01', 'furniture'),
(700, 'HJT12395187', 2, 4564489, 9006893, '2018-02-21', '2018-02-21', '2018-02-01', 'furniture'),
(701, 'HJT12395287', 2, 4695788, 9006894, '2018-02-12', '2018-02-11', '2018-02-01', 'furniture'),
(702, 'HJT12395387', 2, 4695415, 9006895, '2018-02-18', '2018-02-11', '2018-02-01', 'furniture'),
(703, 'HJT12395487', 2, 4564489, 9002456, '2018-02-15', '2018-02-21', '2018-02-01', 'furniture'),
(704, 'HJT12395587', 2, 4695788, 9006856, '2018-02-14', '2018-02-11', '2018-02-01', 'furniture'),
(705, 'HJT12395687', 2, 4695415, 9006893, '2018-02-16', '2018-02-18', '2018-02-01', 'furniture'),
(706, 'HJT12395787', 2, 4564489, 9006894, '2018-02-14', '2018-02-16', '2018-02-01', 'furniture'),
(707, 'HJT12395887', 2, 4695788, 9006895, '2018-02-18', '2018-02-16', '2018-02-01', 'furniture'),
(708, 'HJT12395987', 2, 4695415, 9002456, '2018-02-12', '2018-02-19', '2018-02-01', 'furniture'),
(709, 'HJT12396087', 2, 4564489, 9006856, '2018-02-18', '2018-02-11', '2018-02-01', 'furniture'),
(710, 'HJT12396187', 2, 4695788, 9006893, '2018-02-10', '2018-02-20', '2018-02-01', 'Various'),
(711, 'HJT12396287', 2, 4695415, 9006894, '2018-02-21', '2018-02-11', '2018-02-01', 'Various'),
(712, 'HJT12396387', 2, 9855415, 4006860, '2018-02-12', '2018-02-12', '2018-02-01', 'Various'),
(713, 'HJT12396487', 2, 9469815, 4006889, '2018-02-11', '2018-02-14', '2018-02-01', 'Various'),
(714, 'HJT12396587', 2, 9855415, 4006891, '2018-02-15', '2018-02-17', '2018-02-01', 'Various'),
(715, 'HJT12396687', 2, 9469815, 4089896, '2018-02-16', '2018-02-11', '2018-02-01', 'Various'),
(716, 'HJT12396787', 2, 9855415, 4111236, '2018-02-14', '2018-02-11', '2018-02-01', 'Various'),
(717, 'HJT12396887', 2, 9469815, 4006860, '2018-02-15', '2018-02-20', '2018-02-01', 'Various'),
(718, 'HJT12396987', 2, 9855415, 4006889, '2018-02-17', '2018-02-11', '2018-02-01', 'Various'),
(719, 'HJT12397087', 2, 9469815, 4006891, '2018-02-18', '2018-02-15', '2018-02-01', 'Various'),
(720, 'HJT12397187', 2, 9855415, 4089896, '2018-02-18', '2018-02-20', '2018-02-01', 'Various'),
(721, 'HJT12397287', 2, 9469815, 4111236, '2018-02-21', '2018-02-10', '2018-02-01', 'Various'),
(722, 'HJT12397387', 2, 9855415, 4006860, '2018-02-21', '2018-02-14', '2018-02-01', 'Various'),
(723, 'HJT12397487', 2, 9469815, 4006889, '2018-02-19', '2018-02-15', '2018-02-01', 'Various'),
(724, 'HJT12397587', 2, 9855415, 4006891, '2018-02-18', '2018-02-10', '2018-02-01', 'Various'),
(725, 'HJT12397687', 2, 9469815, 4089896, '2018-02-17', '2018-02-10', '2018-02-01', 'Various'),
(726, 'HJT12397787', 2, 9855415, 4111236, '2018-02-14', '2018-02-21', '2018-02-01', 'Various'),
(727, 'HJT12397887', 2, 9469815, 4006860, '2018-02-17', '2018-02-21', '2018-02-01', 'Various'),
(728, 'HJT12397987', 2, 9855415, 4006889, '2018-02-21', '2018-02-20', '2018-02-01', 'Various'),
(729, 'HJT12398087', 2, 9469815, 4006891, '2018-02-16', '2018-02-15', '2018-02-01', 'Various'),
(730, 'HJT12398187', 2, 9855415, 4089896, '2018-02-17', '2018-02-12', '2018-02-01', 'Various'),
(731, 'HJT12398287', 2, 9469815, 4111236, '2018-02-10', '2018-02-19', '2018-02-01', 'Various'),
(732, 'HJT12398387', 2, 9855415, 4006860, '2018-02-15', '2018-02-13', '2018-02-01', 'Various'),
(733, 'HJT12398487', 2, 9469815, 4006889, '2018-02-10', '2018-02-14', '2018-02-01', 'Various'),
(734, 'HJT12398587', 2, 9855415, 4006891, '2018-02-21', '2018-02-16', '2018-02-01', 'Office'),
(735, 'HJT12398687', 2, 9469815, 4089896, '2018-02-21', '2018-02-18', '2018-02-01', 'Office'),
(736, 'HJT12398787', 2, 9855415, 4111236, '2018-02-19', '2018-02-10', '2018-02-01', 'Office'),
(737, 'HJT12398887', 2, 9469815, 4006860, '2018-02-19', '2018-02-19', '2018-02-01', 'Office'),
(738, 'HJT12398987', 2, 9855415, 4006889, '2018-02-18', '2018-02-17', '2018-02-01', 'Office'),
(739, 'HJT12399087', 2, 9469815, 4006891, '2018-02-17', '2018-02-12', '2018-02-01', 'Office'),
(740, 'HJT12399187', 2, 9855415, 4089896, '2018-02-15', '2018-02-12', '2018-02-01', 'Office'),
(741, 'HJT12399287', 2, 9469815, 4111236, '2018-02-13', '2018-02-20', '2018-02-01', 'Office'),
(742, 'HJT12399387', 2, 9855415, 4006860, '2018-02-19', '2018-02-14', '2018-02-01', 'Office'),
(743, 'HJT12399487', 2, 9469815, 4006889, '2018-02-21', '2018-02-18', '2018-02-01', 'Office'),
(744, 'HJT12399587', 2, 9855415, 4006891, '2018-02-12', '2018-02-17', '2018-02-01', 'Office'),
(745, 'HJT12399687', 2, 9469815, 4089896, '2018-02-10', '2018-02-17', '2018-02-01', 'Office'),
(746, 'HJT12399787', 2, 9855415, 4111236, '2018-02-17', '2018-02-13', '2018-02-01', 'furniture'),
(747, 'HJT12399887', 2, 9469815, 4006860, '2018-02-11', '2018-02-10', '2018-02-01', 'furniture'),
(748, 'HJT12399987', 2, 9855415, 4006889, '2018-02-17', '2018-02-16', '2018-02-01', 'furniture'),
(749, 'HJT12400087', 2, 9469815, 4006891, '2018-02-18', '2018-02-14', '2018-02-01', 'furniture'),
(750, 'HJT12400187', 2, 9855415, 4089896, '2018-02-12', '2018-02-14', '2018-02-01', 'furniture'),
(751, 'HJT12400287', 2, 9469815, 4111236, '2018-02-10', '2018-02-20', '2018-02-01', 'furniture'),
(752, 'HJT12400387', 2, 9855415, 4006860, '2018-02-11', '2018-02-16', '2018-02-01', 'furniture'),
(753, 'HJT12400487', 2, 9469815, 4006889, '2018-02-21', '2018-02-13', '2018-02-01', 'furniture'),
(754, 'HJT12400587', 2, 9855415, 4006891, '2018-02-13', '2018-02-13', '2018-02-01', 'furniture'),
(755, 'HJT12400687', 2, 9469815, 4089896, '2018-02-16', '2018-02-11', '2018-02-01', 'furniture'),
(756, 'HJT12400787', 2, 9855415, 4111236, '2018-02-18', '2018-02-16', '2018-02-01', 'furniture'),
(757, 'HJT12400887', 2, 9469815, 4006860, '2018-02-16', '2018-02-12', '2018-02-01', 'furniture'),
(758, 'HJT12400987', 2, 9855415, 4006889, '2018-02-18', '2018-02-14', '2018-02-01', 'Various'),
(759, 'HJT12401087', 2, 9469815, 4006891, '2018-02-18', '2018-02-17', '2018-02-01', 'Various'),
(760, 'HJT12401187', 2, 9855415, 4089896, '2018-02-17', '2018-02-10', '2018-02-01', 'Various'),
(761, 'HJT12401287', 2, 9469815, 4111236, '2018-02-13', '2018-02-20', '2018-02-01', 'Various'),
(762, 'HJT12401387', 2, 9855415, 4006860, '2018-02-14', '2018-02-21', '2018-02-01', 'Various'),
(763, 'HJT12401487', 2, 9469815, 4006889, '2018-02-16', '2018-02-16', '2018-02-01', 'Various'),
(764, 'HJT12401587', 2, 9855415, 4006891, '2018-02-10', '2018-02-13', '2018-02-01', 'Various'),
(765, 'HJT12401687', 2, 9469815, 4089896, '2018-02-11', '2018-02-13', '2018-02-01', 'Various'),
(766, 'HJT12401787', 2, 9855415, 4111236, '2018-02-10', '2018-02-12', '2018-02-01', 'Various'),
(767, 'HJT12401887', 2, 9469815, 4006860, '2018-02-15', '2018-02-20', '2018-02-01', 'Various'),
(768, 'HJT12401987', 2, 9855415, 4006889, '2018-02-17', '2018-02-19', '2018-02-01', 'Various'),
(769, 'HJT12402087', 2, 9469815, 4006891, '2018-02-20', '2018-02-19', '2018-02-01', 'Various'),
(770, 'HJT12402187', 2, 9855415, 4089896, '2018-02-15', '2018-02-13', '2018-02-01', 'Various'),
(771, 'HJT12402287', 2, 9469815, 4111236, '2018-02-15', '2018-02-18', '2018-02-01', 'Various'),
(772, 'HJT12402387', 2, 9855415, 4006860, '2018-02-10', '2018-02-14', '2018-02-01', 'Various'),
(773, 'HJT12402487', 2, 9469815, 4006889, '2018-02-20', '2018-02-21', '2018-02-01', 'Various'),
(774, 'HJT12402587', 2, 9855415, 4006891, '2018-02-14', '2018-02-13', '2018-02-01', 'Various'),
(775, 'HJT12402687', 2, 9469815, 4089896, '2018-02-15', '2018-02-20', '2018-02-01', 'Various'),
(776, 'HJT12402787', 2, 9855415, 4111236, '2018-02-10', '2018-02-14', '2018-02-01', 'Various'),
(777, 'HJT12402887', 2, 9469815, 4006860, '2018-02-19', '2018-02-10', '2018-02-01', 'Various'),
(778, 'HJT12402987', 2, 9855415, 4006889, '2018-02-12', '2018-02-19', '2018-02-01', 'Various'),
(779, 'HJT12403087', 2, 9469815, 4006891, '2018-02-13', '2018-02-20', '2018-02-01', 'Various'),
(780, 'HJT12403187', 2, 9855415, 4089896, '2018-02-11', '2018-02-15', '2018-02-01', 'Various'),
(781, 'HJT12403287', 2, 9469815, 4111236, '2018-02-11', '2018-02-11', '2018-02-01', 'Various'),
(782, 'HJT12403387', 2, 9855415, 4006860, '2018-02-20', '2018-02-13', '2018-02-01', 'Office'),
(783, 'HJT12403487', 2, 9469815, 4006889, '2018-02-12', '2018-02-17', '2018-02-01', 'Office'),
(784, 'HJT12403587', 2, 9855415, 4006891, '2018-02-13', '2018-02-12', '2018-02-01', 'Office'),
(785, 'HJT12403687', 2, 9469815, 4089896, '2018-02-11', '2018-02-21', '2018-02-01', 'Office'),
(786, 'HJT12403787', 2, 9855415, 4111236, '2018-02-10', '2018-02-18', '2018-02-01', 'Office'),
(787, 'HJT12403887', 2, 9469815, 4006860, '2018-02-14', '2018-02-13', '2018-02-01', 'Office'),
(788, 'HJT12403987', 2, 9855415, 4006889, '2018-02-17', '2018-02-14', '2018-02-01', 'Office'),
(789, 'HJT12404087', 2, 9469815, 4006891, '2018-02-20', '2018-02-20', '2018-02-01', 'Office'),
(790, 'HJT12404187', 2, 9855415, 4089896, '2018-02-10', '2018-02-16', '2018-02-01', 'Office'),
(791, 'HJT12404287', 2, 9469815, 4111236, '2018-02-11', '2018-02-13', '2018-02-01', 'Office'),
(792, 'HJT12404387', 2, 9855415, 4006860, '2018-02-16', '2018-02-13', '2018-02-01', 'Office'),
(793, 'HJT12404487', 2, 9469815, 4006889, '2018-02-11', '2018-02-21', '2018-02-01', 'Office'),
(794, 'HJT12404587', 2, 9855415, 4006891, '2018-02-16', '2018-02-11', '2018-02-01', 'furniture'),
(795, 'HJT12404687', 2, 9469815, 4089896, '2018-02-14', '2018-02-19', '2018-02-01', 'furniture'),
(796, 'HJT12404787', 2, 9855415, 4111236, '2018-02-14', '2018-02-17', '2018-02-01', 'furniture'),
(797, 'HJT12404887', 2, 9469815, 4006860, '2018-02-10', '2018-02-20', '2018-02-01', 'furniture'),
(798, 'HJT12404987', 2, 9855415, 4006889, '2018-02-11', '2018-02-18', '2018-02-01', 'furniture'),
(799, 'HJT12405087', 2, 9469815, 4006891, '2018-02-11', '2018-02-11', '2018-02-01', 'furniture'),
(800, 'HJT12405187', 2, 9855415, 4089896, '2018-02-11', '2018-02-11', '2018-02-01', 'furniture'),
(801, 'HJT12405287', 2, 9469815, 4111236, '2018-02-16', '2018-02-11', '2018-02-01', 'furniture'),
(802, 'HJT12405387', 2, 9855415, 4006860, '2018-02-15', '2018-02-19', '2018-02-01', 'furniture'),
(803, 'HJT12405487', 2, 9469815, 4006889, '2018-02-11', '2018-02-11', '2018-02-01', 'furniture'),
(804, 'HJT12405587', 2, 9855415, 4006891, '2018-02-16', '2018-02-18', '2018-02-01', 'furniture'),
(805, 'HJT12405687', 2, 9469815, 4089896, '2018-02-20', '2018-02-19', '2018-02-01', 'furniture'),
(806, 'HJT12405787', 2, 9855415, 4111236, '2018-02-12', '2018-02-11', '2018-02-01', 'Various'),
(807, 'HJT12405887', 2, 9469815, 4006860, '2018-02-17', '2018-02-17', '2018-02-01', 'Various'),
(808, 'HJT12405987', 2, 9855415, 4006889, '2018-02-12', '2018-02-17', '2018-02-01', 'Various'),
(809, 'HJT12406087', 2, 9469815, 4006891, '2018-02-17', '2018-02-20', '2018-02-01', 'Various'),
(810, 'HJT12406187', 2, 9855415, 4089896, '2018-02-13', '2018-02-17', '2018-02-01', 'Various'),
(811, 'HJT12406287', 2, 9469815, 4111236, '2018-02-14', '2018-02-17', '2018-02-01', 'Various'),
(812, 'HJT12406387', 2, 9855415, 4006860, '2018-02-19', '2018-02-12', '2018-02-01', 'Various'),
(813, 'HJT12406487', 2, 9469815, 4006889, '2018-02-19', '2018-02-13', '2018-02-01', 'Various'),
(814, 'HJT12406587', 2, 9855415, 4006891, '2018-02-12', '2018-02-16', '2018-02-01', 'Various'),
(815, 'HJT12406687', 2, 9469815, 4089896, '2018-02-16', '2018-02-14', '2018-02-01', 'Various'),
(816, 'HJT12406787', 2, 9855415, 4111236, '2018-02-13', '2018-02-15', '2018-02-01', 'Various'),
(817, 'HJT12406887', 2, 9469815, 4006860, '2018-02-13', '2018-02-16', '2018-02-01', 'Various'),
(818, 'HJT12406987', 2, 9855415, 4006889, '2018-02-16', '2018-02-11', '2018-02-01', 'Various'),
(819, 'HJT12407087', 2, 9469815, 4006891, '2018-02-14', '2018-02-12', '2018-02-01', 'Various'),
(820, 'HJT12407187', 2, 9855415, 4089896, '2018-02-12', '2018-02-12', '2018-02-01', 'Various'),
(821, 'HJT12407287', 2, 9469815, 4111236, '2018-02-10', '2018-02-21', '2018-02-01', 'Various'),
(822, 'HJT12407387', 2, 9855415, 4006860, '2018-02-13', '2018-02-19', '2018-02-01', 'Various'),
(823, 'HJT12407487', 2, 9469815, 4006889, '2018-02-16', '2018-02-15', '2018-02-01', 'Various'),
(824, 'HJT12407587', 2, 9855415, 4006891, '2018-02-21', '2018-02-11', '2018-02-01', 'Various'),
(825, 'HJT12407687', 2, 9469815, 4089896, '2018-02-15', '2018-02-19', '2018-02-01', 'Various'),
(826, 'HJT12407787', 2, 9855415, 4111236, '2018-02-13', '2018-02-20', '2018-02-01', 'Various'),
(827, 'HJT12407887', 2, 9469815, 4006860, '2018-02-12', '2018-02-14', '2018-02-01', 'Various'),
(828, 'HJT12407987', 2, 9855415, 4006889, '2018-02-16', '2018-02-11', '2018-02-01', 'Various'),
(829, 'HJT12408087', 2, 9469815, 4006891, '2018-02-21', '2018-02-10', '2018-02-01', 'Various'),
(830, 'HJT12408187', 2, 9855415, 4089896, '2018-02-18', '2018-02-14', '2018-02-01', 'Office'),
(831, 'HJT12408287', 2, 9469815, 4111236, '2018-02-13', '2018-02-16', '2018-02-01', 'Office'),
(832, 'HJT12408387', 2, 9855415, 4006860, '2018-02-17', '2018-02-21', '2018-02-01', 'Office'),
(833, 'HJT12408487', 2, 9469815, 4006889, '2018-02-19', '2018-02-15', '2018-02-01', 'Office'),
(834, 'HJT12408587', 2, 9855415, 4006891, '2018-02-11', '2018-02-13', '2018-02-01', 'Office'),
(835, 'HJT12408687', 2, 9469815, 4089896, '2018-02-15', '2018-02-15', '2018-02-01', 'Office'),
(836, 'HJT12408787', 2, 9855415, 4111236, '2018-02-10', '2018-02-18', '2018-02-01', 'Office'),
(837, 'HJT12408887', 2, 9469815, 4006860, '2018-02-20', '2018-02-13', '2018-02-01', 'Office'),
(838, 'HJT12408987', 2, 9855415, 4006889, '2018-02-21', '2018-02-15', '2018-02-01', 'Office'),
(839, 'HJT12409087', 2, 9469815, 4006891, '2018-02-11', '2018-02-19', '2018-02-01', 'Office'),
(840, 'HJT12409187', 2, 9855415, 4089896, '2018-02-20', '2018-02-20', '2018-02-01', 'Office'),
(841, 'HJT12409287', 2, 9469815, 4111236, '2018-02-15', '2018-02-12', '2018-02-01', 'Office'),
(842, 'HJT12409387', 2, 9855415, 9002456, '2018-02-12', '2018-02-14', '2018-02-01', 'furniture'),
(843, 'HJT12409487', 2, 9469815, 9006856, '2018-02-08', '2018-02-11', '2018-02-01', 'furniture'),
(844, 'HJT12409587', 2, 9855415, 9006893, '2018-02-13', '2018-02-14', '2018-02-01', 'furniture'),
(845, 'HJT12409687', 2, 9469815, 9006894, '2018-02-13', '2018-02-13', '2018-02-01', 'furniture'),
(846, 'HJT12409787', 2, 9855415, 9006895, '2018-02-12', '2018-02-15', '2018-02-01', 'furniture'),
(847, 'HJT12409887', 2, 9469815, 9002456, '2018-02-14', '2018-02-14', '2018-02-01', 'furniture'),
(848, 'HJT12409987', 2, 9855415, 9006856, '2018-02-11', '2018-02-08', '2018-02-01', 'furniture'),
(849, 'HJT12410087', 2, 9469815, 9006893, '2018-02-08', '2018-02-11', '2018-02-01', 'furniture'),
(850, 'HJT12410187', 2, 9855415, 9006894, '2018-02-11', '2018-02-12', '2018-02-01', 'furniture'),
(851, 'HJT12410287', 2, 9469815, 9006895, '2018-02-11', '2018-02-13', '2018-02-01', 'furniture'),
(852, 'HJT12410387', 2, 9855415, 9002456, '2018-02-09', '2018-02-12', '2018-02-01', 'furniture'),
(853, 'HJT12410487', 2, 9469815, 9006856, '2018-02-14', '2018-02-08', '2018-02-01', 'furniture'),
(854, 'HJT12410587', 2, 9855415, 9006893, '2018-02-10', '2018-02-14', '2018-02-01', 'Various'),
(855, 'HJT12410687', 2, 9469815, 9006894, '2018-02-08', '2018-02-14', '2018-02-01', 'Various'),
(856, 'HJT12410787', 2, 9855415, 9006895, '2018-02-13', '2018-02-15', '2018-02-01', 'Various'),
(857, 'HJT12410887', 2, 9469815, 9002456, '2018-02-11', '2018-02-11', '2018-02-01', 'Various'),
(858, 'HJT12410987', 2, 9855415, 9006856, '2018-02-09', '2018-02-12', '2018-02-01', 'Various'),
(859, 'HJT12411087', 2, 9469815, 9006893, '2018-02-13', '2018-02-08', '2018-02-01', 'Various'),
(860, 'HJT12411187', 2, 9855415, 9006894, '2018-02-08', '2018-02-08', '2018-02-01', 'Various'),
(861, 'HJT12411287', 2, 9469815, 9006895, '2018-02-14', '2018-02-09', '2018-02-01', 'Various'),
(862, 'HJT12411387', 2, 9855415, 9002456, '2018-02-11', '2018-02-12', '2018-02-01', 'Various'),
(863, 'HJT12411487', 2, 9469815, 9006856, '2018-02-12', '2018-02-10', '2018-02-01', 'Various'),
(864, 'HJT12411587', 2, 9855415, 9006893, '2018-02-10', '2018-02-11', '2018-02-01', 'Various'),
(865, 'HJT12411687', 2, 9469815, 9006894, '2018-02-10', '2018-02-15', '2018-02-01', 'Various'),
(866, 'HJT12411787', 2, 9855415, 9006895, '2018-02-10', '2018-02-08', '2018-02-01', 'Various'),
(867, 'HJT12411887', 2, 9469815, 9002456, '2018-02-11', '2018-02-11', '2018-02-01', 'Various'),
(868, 'HJT12411987', 2, 9855415, 9006856, '2018-02-11', '2018-02-08', '2018-02-01', 'Various'),
(869, 'HJT12412087', 2, 9469815, 9006893, '2018-02-12', '2018-02-15', '2018-02-01', 'Various'),
(870, 'HJT12412187', 2, 9855415, 9006894, '2018-02-10', '2018-02-13', '2018-02-01', 'Various'),
(871, 'HJT12412287', 2, 9469815, 9006895, '2018-02-12', '2018-02-10', '2018-02-01', 'Various'),
(872, 'HJT12412387', 2, 9855415, 9002456, '2018-02-10', '2018-02-10', '2018-02-01', 'Various'),
(873, 'HJT12412487', 2, 9469815, 9006856, '2018-02-09', '2018-02-15', '2018-02-01', 'Various'),
(874, 'HJT12412587', 2, 9855415, 9006893, '2018-02-15', '2018-02-14', '2018-02-01', 'Various'),
(875, 'HJT12412687', 2, 9469815, 9006894, '2018-02-14', '2018-02-14', '2018-02-01', 'Various'),
(876, 'HJT12412787', 2, 9855415, 9006895, '2018-02-08', '2018-02-08', '2018-02-01', 'Various'),
(877, 'HJT12412887', 2, 9469815, 9002456, '2018-02-10', '2018-02-08', '2018-02-01', 'Various'),
(878, 'HJT12412987', 2, 9855415, 9006856, '2018-02-10', '2018-02-09', '2018-02-01', 'Office'),
(879, 'HJT12413087', 2, 9469815, 9006893, '2018-02-09', '2018-02-11', '2018-02-01', 'Office'),
(880, 'HJT12413187', 2, 9855415, 9006894, '2018-02-08', '2018-02-14', '2018-02-01', 'Office'),
(881, 'HJT12413287', 2, 9469815, 9006895, '2018-02-15', '2018-02-14', '2018-02-01', 'Office'),
(882, 'HJT12413387', 2, 9855415, 9002456, '2018-02-13', '2018-02-10', '2018-02-01', 'Office'),
(883, 'HJT12413487', 2, 9469815, 9006856, '2018-02-14', '2018-02-15', '2018-02-01', 'Office'),
(884, 'HJT12413587', 2, 9855415, 9006893, '2018-02-10', '2018-02-11', '2018-02-01', 'Office'),
(885, 'HJT12413687', 2, 9469815, 9006894, '2018-02-14', '2018-02-14', '2018-02-01', 'Office'),
(886, 'HJT12413787', 2, 9855415, 9006895, '2018-02-08', '2018-02-09', '2018-02-01', 'Office'),
(887, 'HJT12413887', 2, 9469815, 9002456, '2018-02-11', '2018-02-10', '2018-02-01', 'Office'),
(888, 'HJT12413987', 2, 9855415, 9006856, '2018-02-11', '2018-02-12', '2018-02-01', 'Office'),
(889, 'HJT12414087', 2, 9469815, 9006893, '2018-02-10', '2018-02-08', '2018-02-01', 'Office'),
(890, 'HJT12414187', 2, 9855415, 9006894, '2018-02-10', '2018-02-09', '2018-02-01', 'furniture'),
(891, 'HJT12414287', 2, 9469815, 9006895, '2018-02-11', '2018-02-09', '2018-02-01', 'furniture'),
(892, 'HJT12414387', 2, 9855415, 9002456, '2018-02-12', '2018-02-13', '2018-02-01', 'furniture'),
(893, 'HJT12414487', 2, 9469815, 9006856, '2018-02-14', '2018-02-14', '2018-02-01', 'furniture'),
(894, 'HJT12414587', 2, 9855415, 9006893, '2018-02-13', '2018-02-08', '2018-02-01', 'furniture'),
(895, 'HJT12414687', 2, 9469815, 9006894, '2018-02-15', '2018-02-12', '2018-02-01', 'furniture'),
(896, 'HJT12414787', 2, 9855415, 9006895, '2018-02-12', '2018-02-13', '2018-02-01', 'furniture'),
(897, 'HJT12414887', 2, 9469815, 9002456, '2018-02-10', '2018-02-10', '2018-02-01', 'furniture'),
(898, 'HJT12414987', 2, 9855415, 9006856, '2018-02-09', '2018-02-12', '2018-02-01', 'furniture'),
(899, 'HJT12415087', 2, 9469815, 9006893, '2018-02-11', '2018-02-08', '2018-02-01', 'furniture'),
(900, 'HJT12415187', 2, 9855415, 9006894, '2018-02-08', '2018-02-08', '2018-02-01', 'furniture'),
(901, 'HJT12415287', 2, 9469815, 9006895, '2018-02-13', '2018-02-14', '2018-02-01', 'furniture'),
(902, 'HJT12415387', 2, 9855415, 9002456, '2018-02-12', '2018-02-13', '2018-02-01', 'Various'),
(903, 'HJT12415487', 2, 9469815, 9006856, '2018-02-13', '2018-02-08', '2018-02-01', 'Various'),
(904, 'HJT12415587', 2, 9855415, 9006893, '2018-02-13', '2018-02-10', '2018-02-01', 'Various'),
(905, 'HJT12415687', 2, 9469815, 9006894, '2018-02-09', '2018-02-10', '2018-02-01', 'Various'),
(906, 'HJT12415787', 2, 9855415, 9006895, '2018-02-14', '2018-02-14', '2018-02-01', 'Various'),
(907, 'HJT12415887', 2, 9469815, 9002456, '2018-02-12', '2018-02-15', '2018-02-01', 'Various'),
(908, 'HJT12415987', 2, 9855415, 9006856, '2018-02-13', '2018-02-15', '2018-02-01', 'Various'),
(909, 'HJT12416087', 2, 9469815, 9006893, '2018-02-15', '2018-02-14', '2018-02-01', 'Various'),
(910, 'HJT12416187', 2, 9855415, 9006894, '2018-02-14', '2018-02-15', '2018-02-01', 'Various'),
(911, 'HJT12416287', 2, 9469815, 9006895, '2018-02-13', '2018-02-09', '2018-02-01', 'Various'),
(912, 'HJT12416387', 2, 9855415, 9002456, '2018-02-12', '2018-02-08', '2018-02-01', 'Various'),
(913, 'HJT12416487', 2, 9469815, 9006856, '2018-02-11', '2018-02-10', '2018-02-01', 'Various'),
(914, 'HJT12416587', 2, 9855415, 9006893, '2018-02-09', '2018-02-11', '2018-02-01', 'Various'),
(915, 'HJT12416687', 2, 9469815, 9006894, '2018-02-13', '2018-02-09', '2018-02-01', 'Various'),
(916, 'HJT12416787', 2, 9855415, 9006895, '2018-02-11', '2018-02-09', '2018-02-01', 'Various'),
(917, 'HJT12416887', 2, 9469815, 9002456, '2018-02-08', '2018-02-09', '2018-02-01', 'Various'),
(918, 'HJT12416987', 2, 9855415, 9006856, '2018-02-09', '2018-02-11', '2018-02-01', 'Various'),
(919, 'HJT12417087', 2, 9469815, 9006893, '2018-02-12', '2018-02-09', '2018-02-01', 'Various'),
(920, 'HJT12417187', 2, 9855415, 9006894, '2018-02-15', '2018-02-08', '2018-02-01', 'Various'),
(921, 'HJT12417287', 2, 9469815, 9006895, '2018-02-15', '2018-02-10', '2018-02-01', 'Various'),
(922, 'HJT12417387', 2, 9855415, 9002456, '2018-02-13', '2018-02-09', '2018-02-01', 'Various'),
(923, 'HJT12417487', 2, 9469815, 9006856, '2018-02-13', '2018-02-15', '2018-02-01', 'Various'),
(924, 'HJT12417587', 2, 9855415, 9006893, '2018-02-10', '2018-02-15', '2018-02-01', 'Various'),
(925, 'HJT12417687', 2, 9469815, 9006894, '2018-02-09', '2018-02-11', '2018-02-01', 'Various'),
(926, 'HJT12417787', 2, 9855415, 9006895, '2018-02-10', '2018-02-15', '2018-02-01', 'Office'),
(927, 'HJT12417887', 2, 9469815, 9002456, '2018-02-14', '2018-02-14', '2018-02-01', 'Office'),
(928, 'HJT12417987', 2, 9855415, 9006856, '2018-02-14', '2018-02-08', '2018-02-01', 'Office'),
(929, 'HJT12418087', 2, 9469815, 9006893, '2018-02-12', '2018-02-09', '2018-02-01', 'Office'),
(930, 'HJT12418187', 2, 9855415, 9006894, '2018-02-11', '2018-02-11', '2018-02-01', 'Office'),
(931, 'HJT12418287', 2, 9469815, 9006895, '2018-02-08', '2018-02-09', '2018-02-01', 'Office'),
(932, 'HJT12418387', 2, 9855415, 9002456, '2018-02-14', '2018-02-09', '2018-02-01', 'Office'),
(933, 'HJT12418487', 2, 9469815, 9006856, '2018-02-08', '2018-02-14', '2018-02-01', 'Office'),
(934, 'HJT12418587', 2, 9855415, 9006893, '2018-02-15', '2018-02-11', '2018-02-01', 'Office'),
(935, 'HJT12418687', 2, 9469815, 9006894, '2018-02-14', '2018-02-14', '2018-02-01', 'Office'),
(936, 'HJT12418787', 2, 9855415, 9006895, '2018-02-12', '2018-02-09', '2018-02-01', 'Office'),
(937, 'HJT12418887', 2, 9469815, 9002456, '2018-02-10', '2018-02-13', '2018-02-01', 'Office'),
(938, 'HJT12418987', 2, 9855415, 9006856, '2018-02-14', '2018-02-13', '2018-02-01', 'furniture'),
(939, 'HJT12419087', 2, 9469815, 9006893, '2018-02-08', '2018-02-10', '2018-02-01', 'furniture'),
(940, 'HJT12419187', 2, 9855415, 9006894, '2018-02-11', '2018-02-14', '2018-02-01', 'furniture'),
(941, 'HJT12419287', 2, 9469815, 9006895, '2018-02-13', '2018-02-08', '2018-02-01', 'furniture'),
(942, 'HJT12419387', 2, 9855415, 9002456, '2018-02-13', '2018-02-12', '2018-02-01', 'furniture'),
(943, 'HJT12419487', 2, 9469815, 9006856, '2018-02-10', '2018-02-14', '2018-02-01', 'furniture'),
(944, 'HJT12419587', 2, 9855415, 9006893, '2018-02-14', '2018-02-11', '2018-02-01', 'furniture'),
(945, 'HJT12419687', 2, 9469815, 9006894, '2018-02-11', '2018-02-09', '2018-02-01', 'furniture'),
(946, 'HJT12419787', 2, 9855415, 9006895, '2018-02-10', '2018-02-13', '2018-02-01', 'furniture'),
(947, 'HJT12419887', 2, 9469815, 9002456, '2018-02-10', '2018-02-12', '2018-02-01', 'furniture'),
(948, 'HJT12419987', 2, 9855415, 9006856, '2018-02-10', '2018-02-12', '2018-02-01', 'furniture'),
(949, 'HJT12420087', 2, 9469815, 9006893, '2018-02-15', '2018-02-12', '2018-02-01', 'furniture'),
(950, 'HJT12420187', 2, 9855415, 9006894, '2018-02-09', '2018-02-15', '2018-02-01', 'Various'),
(951, 'HJT12420287', 2, 9469815, 9006895, '2018-02-09', '2018-02-14', '2018-02-01', 'Various'),
(952, 'HJT12420387', 2, 9855415, 9002456, '2018-02-14', '2018-02-14', '2018-02-01', 'Various'),
(953, 'HJT12420487', 2, 9469815, 9006856, '2018-02-10', '2018-02-10', '2018-02-01', 'Various'),
(954, 'HJT12420587', 2, 9855415, 9006893, '2018-02-10', '2018-02-09', '2018-02-01', 'Various'),
(955, 'HJT12420687', 2, 9469815, 9006894, '2018-02-09', '2018-02-12', '2018-02-01', 'Various'),
(956, 'HJT12420787', 2, 9855415, 9006895, '2018-02-13', '2018-02-08', '2018-02-01', 'Various'),
(957, 'HJT12420887', 2, 9469815, 9002456, '2018-02-14', '2018-02-14', '2018-02-01', 'Various'),
(958, 'HJT12420987', 2, 9855415, 9006856, '2018-02-08', '2018-02-12', '2018-02-01', 'Various'),
(959, 'HJT12421087', 2, 9469815, 9006893, '2018-02-12', '2018-02-08', '2018-02-01', 'Various'),
(960, 'HJT12421187', 2, 9855415, 9006894, '2018-02-12', '2018-02-12', '2018-02-01', 'Various'),
(961, 'HJT12421287', 2, 9469815, 9006895, '2018-02-08', '2018-02-09', '2018-02-01', 'Various'),
(962, 'HJT12421387', 2, 9855415, 9002456, '2018-02-15', '2018-02-08', '2018-02-01', 'Various'),
(963, 'HJT12421487', 2, 9469815, 9006856, '2018-02-13', '2018-02-08', '2018-02-01', 'Various'),
(964, 'HJT12421587', 2, 9855415, 9006893, '2018-02-08', '2018-02-08', '2018-02-01', 'Various'),
(965, 'HJT12421687', 2, 9469815, 9006894, '2018-02-14', '2018-02-13', '2018-02-01', 'Various'),
(966, 'HJT12421787', 2, 9855415, 9006895, '2018-02-11', '2018-02-08', '2018-02-01', 'Various'),
(967, 'HJT12421887', 2, 9469815, 9002456, '2018-02-15', '2018-02-14', '2018-02-01', 'Various'),
(968, 'HJT12421987', 2, 9855415, 9006856, '2018-02-08', '2018-02-08', '2018-02-01', 'Various'),
(969, 'HJT12422087', 2, 9469815, 9006893, '2018-02-14', '2018-02-15', '2018-02-01', 'Various'),
(970, 'HJT12422187', 2, 9855415, 9006894, '2018-02-13', '2018-02-08', '2018-02-01', 'Various'),
(971, 'HJT12422287', 2, 9469815, 9006895, '2018-02-10', '2018-02-13', '2018-02-01', 'Various'),
(972, 'HJT12422387', 2, 9855415, 5006896, '2018-02-19', '2018-02-18', '2018-02-01', 'Various'),
(973, 'HJT12422487', 2, 9469815, 5006897, '2018-02-24', '2018-02-25', '2018-02-01', 'Various'),
(974, 'HJT12422587', 2, 9855415, 5006898, '2018-02-21', '2018-02-19', '2018-02-01', 'Office'),
(975, 'HJT12422687', 2, 9469815, 5089965, '2018-02-25', '2018-02-18', '2018-02-01', 'Office'),
(976, 'HJT12422787', 2, 9855415, 5006896, '2018-02-25', '2018-02-18', '2018-02-01', 'Office'),
(977, 'HJT12422887', 2, 9469815, 5006897, '2018-02-25', '2018-02-23', '2018-02-01', 'Office'),
(978, 'HJT12422987', 2, 9855415, 5006898, '2018-02-21', '2018-02-23', '2018-02-01', 'Office'),
(979, 'HJT12423087', 2, 9469815, 5089965, '2018-02-24', '2018-02-24', '2018-02-01', 'Office'),
(980, 'HJT12423187', 2, 9855415, 5006896, '2018-02-24', '2018-02-22', '2018-02-01', 'Office'),
(981, 'HJT12423287', 2, 9469815, 5006897, '2018-02-19', '2018-02-18', '2018-02-01', 'Office'),
(982, 'HJT12423387', 2, 9855415, 5006898, '2018-02-22', '2018-02-19', '2018-02-01', 'Office'),
(983, 'HJT12423487', 2, 9469815, 5089965, '2018-02-23', '2018-02-19', '2018-02-01', 'Office'),
(984, 'HJT12423587', 2, 9855415, 5006896, '2018-02-25', '2018-02-19', '2018-02-01', 'Office'),
(985, 'HJT12423687', 2, 9469815, 5006897, '2018-02-25', '2018-02-22', '2018-02-01', 'Office'),
(986, 'HJT12423787', 2, 9855415, 5006898, '2018-02-21', '2018-02-25', '2018-02-01', 'furniture'),
(987, 'HJT12423887', 2, 9469815, 5089965, '2018-02-23', '2018-02-25', '2018-02-01', 'furniture'),
(988, 'HJT12423987', 2, 9855415, 5006896, '2018-02-24', '2018-02-25', '2018-02-01', 'furniture'),
(989, 'HJT12424087', 2, 9469815, 5006897, '2018-02-22', '2018-02-19', '2018-02-01', 'furniture'),
(990, 'HJT12424187', 2, 9855415, 5006898, '2018-02-20', '2018-02-20', '2018-02-01', 'furniture'),
(991, 'HJT12424287', 2, 9469815, 5089965, '2018-02-25', '2018-02-22', '2018-02-01', 'furniture'),
(992, 'HJT12424387', 2, 9855415, 5006896, '2018-02-22', '2018-02-19', '2018-02-01', 'furniture'),
(993, 'HJT12424487', 2, 9469815, 5006897, '2018-02-23', '2018-02-18', '2018-02-01', 'furniture'),
(994, 'HJT12424587', 2, 9855415, 5006898, '2018-02-24', '2018-02-20', '2018-02-01', 'furniture'),
(995, 'HJT12424687', 2, 9469815, 5089965, '2018-02-21', '2018-02-24', '2018-02-01', 'furniture'),
(996, 'HJT12424787', 2, 9855415, 5006896, '2018-02-25', '2018-02-25', '2018-02-01', 'furniture'),
(997, 'HJT12424887', 2, 9469815, 5006897, '2018-02-19', '2018-02-22', '2018-02-01', 'furniture'),
(998, 'HJT12424987', 2, 9855415, 5006898, '2018-02-25', '2018-02-24', '2018-02-01', 'Various'),
(999, 'HJT12425087', 2, 9469815, 5089965, '2018-02-21', '2018-02-21', '2018-02-01', 'Various'),
(1000, 'HJT12425187', 2, 9855415, 5006896, '2018-02-18', '2018-02-25', '2018-02-01', 'Various'),
(1001, 'HJT12425287', 2, 9469815, 5006897, '2018-02-21', '2018-02-19', '2018-02-01', 'Various'),
(1002, 'HJT12425387', 2, 9855415, 5006898, '2018-02-22', '2018-02-24', '2018-02-01', 'Various'),
(1003, 'HJT12425487', 2, 9469815, 5089965, '2018-02-19', '2018-02-24', '2018-02-01', 'Various'),
(1004, 'HJT12425587', 2, 9855415, 5006896, '2018-02-21', '2018-02-25', '2018-02-01', 'Various'),
(1005, 'HJT12425687', 2, 9469815, 5006897, '2018-02-21', '2018-02-19', '2018-02-01', 'Various'),
(1006, 'HJT12425787', 2, 9855415, 5006898, '2018-02-22', '2018-02-24', '2018-02-01', 'Various'),
(1007, 'HJT12425887', 2, 9469815, 5089965, '2018-02-19', '2018-02-18', '2018-02-01', 'Various'),
(1008, 'HJT12425987', 2, 9855415, 5006896, '2018-02-22', '2018-02-24', '2018-02-01', 'Various'),
(1009, 'HJT12426087', 2, 9469815, 5006897, '2018-02-19', '2018-02-18', '2018-02-01', 'Various'),
(1010, 'HJT12426187', 2, 9855415, 5006898, '2018-02-18', '2018-02-19', '2018-02-01', 'Various'),
(1011, 'HJT12426287', 2, 9469815, 5089965, '2018-02-23', '2018-02-19', '2018-02-01', 'Various'),
(1012, 'HJT12426387', 2, 9855415, 5006896, '2018-02-18', '2018-02-18', '2018-02-01', 'Various'),
(1013, 'HJT12426487', 2, 9469815, 5006897, '2018-02-20', '2018-02-20', '2018-02-01', 'Various'),
(1014, 'HJT12426587', 2, 9855415, 5006898, '2018-02-22', '2018-02-22', '2018-02-01', 'Various'),
(1015, 'HJT12426687', 2, 9469815, 5089965, '2018-02-23', '2018-02-21', '2018-02-01', 'Various'),
(1016, 'HJT12426787', 2, 9855415, 5006896, '2018-02-21', '2018-02-22', '2018-02-01', 'Various'),
(1017, 'HJT12426887', 2, 9469815, 5006897, '2018-02-24', '2018-02-24', '2018-02-01', 'Various'),
(1018, 'HJT12426987', 2, 9855415, 5006898, '2018-02-23', '2018-02-23', '2018-02-01', 'Various'),
(1019, 'HJT12427087', 2, 9469815, 5089965, '2018-02-18', '2018-02-23', '2018-02-01', 'Various'),
(1020, 'HJT12427187', 2, 9855415, 5006896, '2018-02-19', '2018-02-21', '2018-02-01', 'Various'),
(1021, 'HJT12427287', 2, 9469815, 5006897, '2018-02-25', '2018-02-24', '2018-02-01', 'Various'),
(1022, 'HJT12427387', 2, 9855415, 5006898, '2018-02-23', '2018-02-24', '2018-02-01', 'Office'),
(1023, 'HJT12427487', 2, 9469815, 5089965, '2018-02-20', '2018-02-18', '2018-02-01', 'Office'),
(1024, 'HJT12427587', 2, 9855415, 5006896, '2018-02-24', '2018-02-20', '2018-02-01', 'Office'),
(1025, 'HJT12427687', 2, 9469815, 5006897, '2018-02-24', '2018-02-21', '2018-02-01', 'Office'),
(1026, 'HJT12427787', 2, 9855415, 5006898, '2018-02-22', '2018-02-19', '2018-02-01', 'Office'),
(1027, 'HJT12427887', 2, 9469815, 5089965, '2018-02-22', '2018-02-21', '2018-02-01', 'Office'),
(1028, 'HJT12427987', 2, 9855415, 5006896, '2018-02-21', '2018-02-21', '2018-02-01', 'Office'),
(1029, 'HJT12428087', 2, 9469815, 5006897, '2018-02-22', '2018-02-22', '2018-02-01', 'Office'),
(1030, 'HJT12428187', 2, 9855415, 5006898, '2018-02-21', '2018-02-24', '2018-02-01', 'Office'),
(1031, 'HJT12428287', 2, 9469815, 5089965, '2018-02-22', '2018-02-21', '2018-02-01', 'Office'),
(1032, 'HJT12428387', 2, 9855415, 5006896, '2018-02-21', '2018-02-21', '2018-02-01', 'Office'),
(1033, 'HJT12428487', 2, 9469815, 5006897, '2018-02-25', '2018-02-23', '2018-02-01', 'Office'),
(1034, 'HJT12428587', 2, 9855415, 5006898, '2018-02-24', '2018-02-20', '2018-02-01', 'furniture'),
(1035, 'HJT12428687', 2, 9469815, 5089965, '2018-02-22', '2018-02-18', '2018-02-01', 'furniture'),
(1036, 'HJT12428787', 2, 9855415, 5006896, '2018-02-19', '2018-02-23', '2018-02-01', 'furniture'),
(1037, 'HJT12428887', 2, 9469815, 5006897, '2018-02-23', '2018-02-23', '2018-02-01', 'furniture'),
(1038, 'HJT12428987', 2, 9855415, 5006898, '2018-02-23', '2018-02-19', '2018-02-01', 'furniture'),
(1039, 'HJT12429087', 2, 9469815, 5089965, '2018-02-19', '2018-02-19', '2018-02-01', 'furniture'),
(1040, 'HJT12429187', 2, 9855415, 5006896, '2018-02-21', '2018-02-18', '2018-02-01', 'furniture'),
(1041, 'HJT12429287', 2, 9469815, 5006897, '2018-02-20', '2018-02-21', '2018-02-01', 'furniture'),
(1042, 'HJT12429387', 2, 9855415, 5006898, '2018-02-25', '2018-02-24', '2018-02-01', 'furniture'),
(1043, 'HJT12429487', 2, 9469815, 5089965, '2018-02-25', '2018-02-24', '2018-02-01', 'furniture'),
(1044, 'HJT12429587', 2, 9855415, 5006896, '2018-02-19', '2018-02-20', '2018-02-01', 'furniture'),
(1045, 'HJT12429687', 2, 9469815, 5006897, '2018-02-18', '2018-02-24', '2018-02-01', 'furniture'),
(1046, 'HJT12429787', 2, 9855415, 5006898, '2018-02-19', '2018-02-19', '2018-02-01', 'Various'),
(1047, 'HJT12429887', 2, 9469815, 5089965, '2018-02-25', '2018-02-22', '2018-02-01', 'Various'),
(1048, 'HJT12429987', 2, 9855415, 5006896, '2018-02-18', '2018-02-22', '2018-02-01', 'Various'),
(1049, 'HJT12430087', 2, 9469815, 5006897, '2018-02-21', '2018-02-21', '2018-02-01', 'Various'),
(1050, 'HJT12430187', 2, 9855415, 5006898, '2018-02-24', '2018-02-19', '2018-02-01', 'Various'),
(1051, 'HJT12430287', 2, 9469815, 5089965, '2018-02-23', '2018-02-19', '2018-02-01', 'Various'),
(1052, 'HJT12430387', 2, 9855415, 5006896, '2018-02-24', '2018-02-21', '2018-02-01', 'Various'),
(1053, 'HJT12430487', 2, 9469815, 5006897, '2018-02-24', '2018-02-20', '2018-02-01', 'Various'),
(1054, 'HJT12430587', 2, 9855415, 5006898, '2018-02-23', '2018-02-21', '2018-02-01', 'Various'),
(1055, 'HJT12430687', 2, 9469815, 5089965, '2018-02-19', '2018-02-22', '2018-02-01', 'Various'),
(1056, 'HJT12430787', 2, 9855415, 5006896, '2018-02-23', '2018-02-22', '2018-02-01', 'Various'),
(1057, 'HJT12430887', 2, 9469815, 5006897, '2018-02-25', '2018-02-23', '2018-02-01', 'Various'),
(1058, 'HJT12430987', 2, 9855415, 5006898, '2018-02-18', '2018-02-24', '2018-02-01', 'Various'),
(1059, 'HJT12431087', 2, 9469815, 5089965, '2018-02-22', '2018-02-18', '2018-02-01', 'Various'),
(1060, 'HJT12431187', 2, 9855415, 5006896, '2018-02-19', '2018-02-19', '2018-02-01', 'Various'),
(1061, 'HJT12431287', 2, 9469815, 5006897, '2018-02-25', '2018-02-19', '2018-02-01', 'Various'),
(1062, 'HJT12431387', 2, 5785415, 4006860, '2018-02-24', '2018-02-22', '2018-02-01', 'Various');
INSERT INTO `order_shipment` (`id_order`, `tracking`, `status`, `id_vendor`, `id_client`, `expected_date`, `delivered_date`, `creation_register_date`, `Content`) VALUES
(1063, 'HJT12431487', 2, 5785415, 4006889, '2018-02-25', '2018-02-22', '2018-02-01', 'Various'),
(1064, 'HJT12431587', 2, 5785415, 4006891, '2018-02-22', '2018-02-24', '2018-02-01', 'Various'),
(1065, 'HJT12431687', 2, 5785415, 4089896, '2018-02-24', '2018-02-25', '2018-02-01', 'Various'),
(1066, 'HJT12431787', 2, 5785415, 4111236, '2018-02-25', '2018-02-20', '2018-02-01', 'Various'),
(1067, 'HJT12431887', 2, 5785415, 4006860, '2018-02-20', '2018-02-23', '2018-02-01', 'Various'),
(1068, 'HJT12431987', 2, 5785415, 4006889, '2018-02-24', '2018-02-25', '2018-02-01', 'Various'),
(1069, 'HJT12432087', 2, 5785415, 4006891, '2018-02-21', '2018-02-20', '2018-02-01', 'Various'),
(1070, 'HJT12432187', 2, 5785415, 4089896, '2018-02-25', '2018-02-22', '2018-02-01', 'Office'),
(1071, 'HJT12432287', 2, 5785415, 4111236, '2018-02-25', '2018-02-23', '2018-02-01', 'Office'),
(1072, 'HJT12432387', 2, 5785415, 4006860, '2018-02-22', '2018-02-21', '2018-02-01', 'Office'),
(1073, 'HJT12432487', 2, 5785415, 4006889, '2018-02-22', '2018-02-20', '2018-02-01', 'Office'),
(1074, 'HJT12432587', 2, 5785415, 4006891, '2018-02-23', '2018-02-25', '2018-02-01', 'Office'),
(1075, 'HJT12432687', 2, 5785415, 4089896, '2018-02-24', '2018-02-23', '2018-02-01', 'Office'),
(1076, 'HJT12432787', 2, 5785415, 4006860, '2018-02-25', '2018-02-25', '2018-02-01', 'Office'),
(1077, 'HJT12432887', 2, 5785415, 4006889, '2018-02-22', '2018-02-25', '2018-02-01', 'Office'),
(1078, 'HJT12432987', 2, 5785415, 4006891, '2018-02-20', '2018-02-20', '2018-02-01', 'Office'),
(1079, 'HJT12433087', 2, 5785415, 4089896, '2018-02-23', '2018-02-21', '2018-02-01', 'Office'),
(1080, 'HJT12433187', 2, 5785415, 4111236, '2018-02-22', '2018-02-24', '2018-02-01', 'Office'),
(1081, 'HJT12433287', 2, 5785415, 4006860, '2018-02-25', '2018-02-24', '2018-02-01', 'Office'),
(1082, 'HJT12433387', 2, 5785415, 4006889, '2018-02-23', '2018-02-21', '2018-02-01', 'furniture'),
(1083, 'HJT12433487', 2, 5785415, 4006891, '2018-02-22', '2018-02-22', '2018-02-01', 'furniture'),
(1084, 'HJT12433587', 2, 5785415, 4089896, '2018-02-20', '2018-02-21', '2018-02-01', 'furniture'),
(1085, 'HJT12433687', 2, 5785415, 4111236, '2018-02-21', '2018-02-20', '2018-02-01', 'furniture'),
(1086, 'HJT12433787', 2, 5785415, 4006860, '2018-02-24', '2018-02-25', '2018-02-01', 'furniture'),
(1087, 'HJT12433887', 2, 5785415, 4006889, '2018-02-23', '2018-02-24', '2018-02-01', 'furniture'),
(1088, 'HJT12433987', 2, 5785415, 4006891, '2018-02-23', '2018-02-24', '2018-02-01', 'furniture'),
(1089, 'HJT12434087', 2, 5785415, 4006860, '2018-02-22', '2018-02-23', '2018-02-01', 'furniture'),
(1090, 'HJT12434187', 2, 5785415, 4006889, '2018-02-23', '2018-02-25', '2018-02-01', 'furniture'),
(1091, 'HJT12434287', 2, 5785415, 4006891, '2018-02-20', '2018-02-22', '2018-02-01', 'furniture'),
(1092, 'HJT12434387', 2, 5785415, 9002456, '2018-02-16', '2018-02-16', '2018-02-01', 'furniture'),
(1093, 'HJT12434487', 2, 5785415, 9006856, '2018-02-15', '2018-02-15', '2018-02-01', 'furniture'),
(1094, 'HJT12434587', 2, 5785415, 9006893, '2018-02-19', '2018-02-20', '2018-02-01', 'Office'),
(1095, 'HJT12434687', 2, 5785415, 9006894, '2018-02-19', '2018-02-17', '2018-02-01', 'Office'),
(1096, 'HJT12434787', 2, 5785415, 9006895, '2018-02-17', '2018-02-22', '2018-02-01', 'Office'),
(1097, 'HJT12434887', 2, 5785415, 9002456, '2018-02-15', '2018-02-16', '2018-02-01', 'Office'),
(1098, 'HJT12434987', 2, 5785415, 9006856, '2018-02-21', '2018-02-16', '2018-02-01', 'Office'),
(1099, 'HJT12435087', 2, 5785415, 9006893, '2018-02-18', '2018-02-16', '2018-02-01', 'Office'),
(1100, 'HJT12435187', 2, 5785415, 9006894, '2018-02-19', '2018-02-22', '2018-02-01', 'Office'),
(1101, 'HJT12435287', 2, 5785415, 9006895, '2018-02-15', '2018-02-18', '2018-02-01', 'Office'),
(1102, 'HJT12435387', 2, 5785415, 9002456, '2018-02-15', '2018-02-18', '2018-02-01', 'Office'),
(1103, 'HJT12435487', 2, 5785415, 9006856, '2018-02-20', '2018-02-18', '2018-02-01', 'Office'),
(1104, 'HJT12435587', 2, 5785415, 9006893, '2018-02-17', '2018-02-22', '2018-02-01', 'Office'),
(1105, 'HJT12435687', 2, 5785415, 9006894, '2018-02-18', '2018-02-15', '2018-02-01', 'Office'),
(1106, 'HJT12435787', 2, 5785415, 9006895, '2018-02-17', '2018-02-15', '2018-02-01', 'furniture'),
(1107, 'HJT12435887', 2, 5785415, 9002456, '2018-02-19', '2018-02-21', '2018-02-01', 'Office'),
(1108, 'HJT12435987', 2, 5785415, 9006856, '2018-02-18', '2018-02-19', '2018-02-01', 'Office'),
(1109, 'HJT12436087', 2, 5785415, 9006893, '2018-02-19', '2018-02-22', '2018-02-01', 'Office'),
(1110, 'HJT12436187', 2, 5785415, 9006894, '2018-02-17', '2018-02-17', '2018-02-01', 'Office'),
(1111, 'HJT12436287', 2, 5785415, 9006895, '2018-02-21', '2018-02-19', '2018-02-01', 'Office'),
(1112, 'HJT12436387', 2, 5785415, 9002456, '2018-02-22', '2018-02-19', '2018-02-01', 'Office'),
(1113, 'HJT12436487', 2, 5785415, 9006856, '2018-02-15', '2018-02-17', '2018-02-01', 'Office'),
(1114, 'HJT12436587', 2, 5785415, 9006893, '2018-02-19', '2018-02-18', '2018-02-01', 'Office'),
(1115, 'HJT12436687', 2, 5785415, 9006894, '2018-02-19', '2018-02-15', '2018-02-01', 'Office'),
(1116, 'HJT12436787', 2, 5785415, 9006895, '2018-02-21', '2018-02-22', '2018-02-01', 'Office'),
(1117, 'HJT12436887', 2, 5785415, 9002456, '2018-02-17', '2018-02-20', '2018-02-01', 'Office'),
(1118, 'HJT12436987', 2, 5785415, 9006856, '2018-02-20', '2018-02-21', '2018-02-01', 'Office'),
(1119, 'HJT12437087', 2, 5785415, 9006893, '2018-02-20', '2018-02-18', '2018-02-01', 'furniture'),
(1120, 'HJT12437187', 2, 5785415, 9006894, '2018-02-18', '2018-02-15', '2018-02-01', 'furniture'),
(1121, 'HJT12437287', 2, 5785415, 9006895, '2018-02-18', '2018-02-19', '2018-02-01', 'furniture'),
(1122, 'HJT12437387', 2, 5785415, 9002456, '2018-02-18', '2018-02-18', '2018-02-01', 'furniture'),
(1123, 'HJT12437487', 2, 5785415, 9006856, '2018-02-19', '2018-02-18', '2018-02-01', 'furniture'),
(1124, 'HJT12437587', 2, 5785415, 9006893, '2018-02-15', '2018-02-18', '2018-02-01', 'furniture'),
(1125, 'HJT12437687', 2, 5785415, 9006894, '2018-02-18', '2018-02-22', '2018-02-01', 'furniture'),
(1126, 'HJT12437787', 2, 5785415, 9006895, '2018-02-22', '2018-02-21', '2018-02-01', 'furniture'),
(1127, 'HJT12437887', 2, 5785415, 9002456, '2018-02-22', '2018-02-15', '2018-02-01', 'furniture'),
(1128, 'HJT12437987', 2, 5785415, 9006856, '2018-02-18', '2018-02-15', '2018-02-01', 'furniture'),
(1129, 'HJT12438087', 2, 5785415, 9006893, '2018-02-15', '2018-02-16', '2018-02-01', 'furniture'),
(1130, 'HJT12438187', 2, 5785415, 9006894, '2018-02-17', '2018-02-15', '2018-02-01', 'furniture'),
(1131, 'HJT12438287', 2, 5785415, 9006895, '2018-02-15', '2018-02-19', '2018-02-01', 'Various'),
(1132, 'HJT12438387', 2, 5785415, 9002456, '2018-02-20', '2018-02-19', '2018-02-01', 'Various'),
(1133, 'HJT12438487', 2, 5785415, 9006856, '2018-02-15', '2018-02-17', '2018-02-01', 'Various'),
(1134, 'HJT12438587', 2, 5785415, 9006893, '2018-02-18', '2018-02-15', '2018-02-01', 'Various'),
(1135, 'HJT12438687', 2, 5785415, 5006896, '2018-02-20', '2018-02-11', '2018-02-01', 'Various'),
(1136, 'HJT12438787', 2, 5785415, 5006897, '2018-02-22', '2018-02-21', '2018-02-01', 'Various'),
(1137, 'HJT12438887', 2, 5785415, 5006898, '2018-02-19', '2018-02-21', '2018-02-01', 'Various'),
(1138, 'HJT12438987', 2, 5785415, 5089965, '2018-02-20', '2018-02-20', '2018-02-01', 'Various'),
(1139, 'HJT12439087', 2, 5785415, 5006896, '2018-02-18', '2018-02-16', '2018-02-01', 'Various'),
(1140, 'HJT12439187', 2, 5785415, 5006897, '2018-02-20', '2018-02-17', '2018-02-01', 'Various'),
(1141, 'HJT12439287', 2, 5785415, 5006898, '2018-02-20', '2018-02-16', '2018-02-01', 'Various'),
(1142, 'HJT12439387', 2, 5785415, 5089965, '2018-02-22', '2018-02-22', '2018-02-01', 'Various'),
(1143, 'HJT12439487', 2, 5785415, 5006896, '2018-02-19', '2018-02-19', '2018-02-01', 'Various'),
(1144, 'HJT12439587', 2, 5785415, 5006897, '2018-02-18', '2018-02-17', '2018-02-01', 'Various'),
(1145, 'HJT12439687', 2, 5785415, 5006898, '2018-02-18', '2018-02-22', '2018-02-01', 'Various'),
(1146, 'HJT12439787', 2, 5785415, 5089965, '2018-02-18', '2018-02-19', '2018-02-01', 'Various'),
(1147, 'HJT12439887', 2, 5785415, 5006896, '2018-02-18', '2018-02-21', '2018-02-01', 'Various'),
(1148, 'HJT12439987', 2, 5785415, 5006897, '2018-02-22', '2018-02-16', '2018-02-01', 'Various'),
(1149, 'HJT12440087', 2, 5785415, 5006898, '2018-02-15', '2018-02-22', '2018-02-01', 'Various'),
(1150, 'HJT12440187', 2, 5785415, 5089965, '2018-02-20', '2018-02-21', '2018-02-01', 'Various'),
(1151, 'HJT12440287', 2, 5785415, 5006896, '2018-02-15', '2018-02-22', '2018-02-01', 'Various'),
(1152, 'HJT12440387', 2, 5785415, 5006897, '2018-02-19', '2018-02-21', '2018-02-01', 'Various'),
(1153, 'HJT12440487', 2, 5785415, 5006898, '2018-02-17', '2018-02-16', '2018-02-01', 'Various'),
(1154, 'HJT12440587', 2, 5785415, 5089965, '2018-02-15', '2018-02-20', '2018-02-01', 'Various'),
(1155, 'HJT12440687', 2, 5785415, 5006896, '2018-02-16', '2018-02-17', '2018-02-01', 'Office'),
(1156, 'HJT12440787', 2, 5785415, 5006897, '2018-02-17', '2018-02-16', '2018-02-01', 'Office'),
(1157, 'HJT12440887', 2, 5785415, 5006898, '2018-02-17', '2018-02-21', '2018-02-01', 'Office'),
(1158, 'HJT12440987', 2, 5785415, 5089965, '2018-02-17', '2018-02-15', '2018-02-01', 'Office'),
(1159, 'HJT12441087', 2, 5785415, 5006896, '2018-02-21', '2018-02-16', '2018-02-01', 'Office'),
(1160, 'HJT12441187', 2, 5785415, 5006897, '2018-02-19', '2018-02-21', '2018-02-01', 'Office'),
(1161, 'HJT12441287', 2, 5785415, 5006898, '2018-02-22', '2018-02-15', '2018-02-01', 'Office'),
(1162, 'HJT12441387', 2, 5785415, 5089965, '2018-02-21', '2018-02-20', '2018-02-01', 'Office'),
(1163, 'HJT12441487', 2, 5785415, 5006896, '2018-02-22', '2018-02-16', '2018-02-01', 'Office'),
(1164, 'HJT12441587', 2, 5785415, 5006897, '2018-02-17', '2018-02-21', '2018-02-01', 'Office'),
(1165, 'HJT12441687', 2, 5785415, 5006898, '2018-02-20', '2018-02-20', '2018-02-01', 'Office'),
(1166, 'HJT12441787', 2, 5785415, 5089965, '2018-02-22', '2018-02-20', '2018-02-01', 'Office'),
(1167, 'HJT12441887', 2, 5785415, 5006896, '2018-02-21', '2018-02-22', '2018-02-01', 'furniture'),
(1168, 'HJT12441987', 2, 5785415, 5006897, '2018-02-18', '2018-02-20', '2018-02-01', 'furniture'),
(1169, 'HJT12442087', 2, 5785415, 5006898, '2018-02-22', '2018-02-18', '2018-02-01', 'furniture'),
(1170, 'HJT12442187', 2, 5785415, 5089965, '2018-02-17', '2018-02-15', '2018-02-01', 'furniture'),
(1171, 'HJT12442287', 2, 5785415, 5006896, '2018-02-22', '2018-02-19', '2018-02-01', 'furniture'),
(1172, 'HJT12442387', 2, 5785415, 5006897, '2018-02-22', '2018-02-16', '2018-02-01', 'furniture'),
(1173, 'HJT12442487', 2, 5785415, 5006898, '2018-02-19', '2018-02-22', '2018-02-01', 'furniture'),
(1174, 'HJT12442587', 2, 5785415, 5089965, '2018-02-16', '2018-02-16', '2018-02-01', 'furniture'),
(1175, 'HJT12442687', 2, 5785415, 5006896, '2018-02-20', '2018-02-17', '2018-02-01', 'furniture'),
(1176, 'HJT12442787', 2, 5785415, 5006897, '2018-02-21', '2018-02-22', '2018-02-01', 'furniture'),
(1177, 'HJT12442887', 2, 5785415, 5006898, '2018-02-15', '2018-02-20', '2018-02-01', 'furniture'),
(1178, 'HJT12442987', 2, 5785415, 5089965, '2018-02-20', '2018-02-15', '2018-02-01', 'furniture'),
(1179, 'HJT12443087', 2, 5785415, 5006896, '2018-02-22', '2018-02-15', '2018-02-01', 'Various'),
(1180, 'HJT12443187', 2, 5785415, 5006897, '2018-02-19', '2018-02-17', '2018-02-01', 'Various'),
(1181, 'HJT12443287', 2, 5785415, 5006898, '2018-02-20', '2018-02-21', '2018-02-01', 'Various'),
(1182, 'HJT12443387', 2, 5785415, 5089965, '2018-02-20', '2018-02-15', '2018-02-01', 'Various'),
(1183, 'HJT12443487', 2, 5785415, 5006896, '2018-02-15', '2018-02-22', '2018-02-01', 'Various'),
(1184, 'HJT12443587', 2, 5785415, 5006897, '2018-02-18', '2018-02-17', '2018-02-01', 'Various'),
(1185, 'HJT12443687', 2, 5785415, 5006898, '2018-02-16', '2018-02-20', '2018-02-01', 'Various'),
(1186, 'HJT12443787', 2, 5785415, 5089965, '2018-02-19', '2018-02-17', '2018-02-01', 'Various'),
(1187, 'HJT12443887', 2, 5785415, 5006896, '2018-02-21', '2018-02-22', '2018-02-01', 'Various'),
(1188, 'HJT12443987', 2, 5785415, 5006897, '2018-02-17', '2018-02-18', '2018-02-01', 'Various'),
(1189, 'HJT12444087', 2, 5785415, 5006898, '2018-02-22', '2018-02-21', '2018-02-01', 'Various'),
(1190, 'HJT12444187', 2, 5785415, 5089965, '2018-02-17', '2018-02-19', '2018-02-01', 'Various'),
(1191, 'HJT12444287', 2, 5785415, 5006896, '2018-02-18', '2018-02-16', '2018-02-01', 'Various'),
(1192, 'HJT12444387', 2, 5785415, 5006897, '2018-02-16', '2018-02-21', '2018-02-01', 'Various'),
(1193, 'HJT12444487', 2, 5785415, 5006898, '2018-02-21', '2018-02-20', '2018-02-01', 'Various'),
(1194, 'HJT12444587', 2, 5785415, 5089965, '2018-02-19', '2018-02-16', '2018-02-01', 'Various'),
(1195, 'HJT12444687', 2, 5785415, 5006896, '2018-02-20', '2018-02-21', '2018-02-01', 'Various'),
(1196, 'HJT12444787', 2, 5785415, 5006897, '2018-02-19', '2018-02-20', '2018-02-01', 'Various'),
(1197, 'HJT12444887', 2, 5785415, 5006898, '2018-02-20', '2018-02-20', '2018-02-01', 'Various'),
(1198, 'HJT12444987', 2, 5785415, 5089965, '2018-02-17', '2018-02-22', '2018-02-01', 'Various'),
(1199, 'HJT12445087', 2, 5785415, 5006896, '2018-02-18', '2018-02-20', '2018-02-01', 'Various'),
(1200, 'HJT12445187', 2, 5785415, 5006897, '2018-02-18', '2018-02-18', '2018-02-01', 'Various'),
(1201, 'HJT12445287', 2, 5785415, 5006898, '2018-02-21', '2018-02-15', '2018-02-01', 'Various'),
(1202, 'HJT12445387', 2, 5785415, 5089965, '2018-02-21', '2018-02-19', '2018-02-01', 'Various'),
(1203, 'HJT12445487', 2, 5785415, 5006896, '2018-02-16', '2018-02-16', '2018-02-01', 'Various');

-- --------------------------------------------------------

--
-- Estructura de tabla para la tabla `vendor`
--

DROP TABLE IF EXISTS `vendor`;
CREATE TABLE IF NOT EXISTS `vendor` (
  `id_vendor` int(11) NOT NULL AUTO_INCREMENT COMMENT 'Id of the vendor',
  `name_vendor` varchar(50) NOT NULL COMMENT 'Name of the vendor',
  `city_vendor` int(11) NOT NULL COMMENT 'Location of the vendor',
  PRIMARY KEY (`id_vendor`)
) ENGINE=MyISAM AUTO_INCREMENT=45634490 DEFAULT CHARSET=latin1;

--
-- Volcado de datos para la tabla `vendor`
--

INSERT INTO `vendor` (`id_vendor`, `name_vendor`, `city_vendor`) VALUES
(9855415, 'Amazon San Francisco', 4),
(4695788, 'Amazon latin America', 9),
(5785415, 'Ikea London', 1),
(4564489, 'Office Deepot Colombia', 10),
(9469815, 'HP Atalnta', 6),
(4695415, 'Office Deepot Buenos Aires', 8);
COMMIT;

/*!40101 SET CHARACTER_SET_CLIENT=@OLD_CHARACTER_SET_CLIENT */;
/*!40101 SET CHARACTER_SET_RESULTS=@OLD_CHARACTER_SET_RESULTS */;
/*!40101 SET COLLATION_CONNECTION=@OLD_COLLATION_CONNECTION */;
